[S2] 320 rows, 0 done, 320 to run -> C:\Users\tng\g2p\bim-engine\experiments\solver-toy\results\S2_v2.jsonl
  [S2 1/320] n=4 detached mm_affine/True tau=0 sig=0.5 w=4 noisy -> NO_BRIEF first=None valid_at=None valid=None | 0.0 min
  [S2 2/320] n=4 detached mm_affine/True tau=0 sig=0.5 w=4 noisy -> NO_BRIEF first=None valid_at=None valid=None | 0.0 min
  [S2 3/320] n=4 detached mm_affine/True tau=0 sig=0.5 w=4 noisy -> NO_BRIEF first=None valid_at=None valid=None | 0.0 min
  [S2 4/320] n=4 detached mm_affine/True tau=0 sig=0.5 w=4 noisy -> NO_BRIEF first=None valid_at=None valid=None | 0.0 min
  [S2 5/320] n=4 detached mm_affine/True tau=0 sig=0.5 w=4 noisy -> NO_BRIEF first=None valid_at=None valid=None | 0.0 min
  [S2 6/320] n=4 detached mm_affine/True tau=0 sig=0.5 w=4 noisy -> NO_BRIEF first=None valid_at=None valid=None | 0.0 min
  [S2 7/320] n=4 detached mm_affine/True tau=0 sig=0.5 w=4 noisy -> NO_BRIEF first=None valid_at=None valid=None | 0.0 min
  [S2 8/320] n=4 detached mm_affine/True tau=0 sig=0.5 w=4 noisy -> NO_BRIEF first=None valid_at=None valid=None | 0.0 min
  [S2 9/320] n=4 terrace_mid mm_affine/True tau=0 sig=0.5 w=4 noisy -> NO_BRIEF first=None valid_at=None valid=None | 0.0 min
  [S2 10/320] n=4 terrace_mid mm_affine/True tau=0 sig=0.5 w=4 noisy -> NO_BRIEF first=None valid_at=None valid=None | 0.0 min
  [S2 11/320] n=4 terrace_mid mm_affine/True tau=0 sig=0.5 w=4 noisy -> NO_BRIEF first=None valid_at=None valid=None | 0.0 min
  [S2 12/320] n=4 terrace_mid mm_affine/True tau=0 sig=0.5 w=4 noisy -> NO_BRIEF first=None valid_at=None valid=None | 0.0 min
  [S2 13/320] n=4 terrace_mid mm_affine/True tau=0 sig=0.5 w=4 noisy -> NO_BRIEF first=None valid_at=None valid=None | 0.0 min
  [S2 14/320] n=4 terrace_mid mm_affine/True tau=0 sig=0.5 w=4 noisy -> NO_BRIEF first=None valid_at=None valid=None | 0.0 min
  [S2 15/320] n=4 terrace_mid mm_affine/True tau=0 sig=0.5 w=4 noisy -> NO_BRIEF first=None valid_at=None valid=None | 0.0 min
  [S2 16/320] n=4 terrace_mid mm_affine/True tau=0 sig=0.5 w=4 noisy -> NO_BRIEF first=None valid_at=None valid=None | 0.0 min
  [S2 17/320] n=4 flat_corner mm_affine/True tau=0 sig=0.5 w=4 noisy -> NO_BRIEF first=None valid_at=None valid=None | 0.0 min
  [S2 18/320] n=4 flat_corner mm_affine/True tau=0 sig=0.5 w=4 noisy -> NO_BRIEF first=None valid_at=None valid=None | 0.0 min
  [S2 19/320] n=4 flat_corner mm_affine/True tau=0 sig=0.5 w=4 noisy -> NO_BRIEF first=None valid_at=None valid=None | 0.0 min
  [S2 20/320] n=4 flat_corner mm_affine/True tau=0 sig=0.5 w=4 noisy -> NO_BRIEF first=None valid_at=None valid=None | 0.0 min
  [S2 21/320] n=4 flat_corner mm_affine/True tau=0 sig=0.5 w=4 noisy -> NO_BRIEF first=None valid_at=None valid=None | 0.0 min
  [S2 22/320] n=4 flat_corner mm_affine/True tau=0 sig=0.5 w=4 noisy -> NO_BRIEF first=None valid_at=None valid=None | 0.0 min
  [S2 23/320] n=4 flat_corner mm_affine/True tau=0 sig=0.5 w=4 noisy -> NO_BRIEF first=None valid_at=None valid=None | 0.0 min
  [S2 24/320] n=4 flat_corner mm_affine/True tau=0 sig=0.5 w=4 noisy -> NO_BRIEF first=None valid_at=None valid=None | 0.0 min
  [S2 25/320] n=4 corpus_median mm_affine/True tau=0 sig=0.5 w=4 noisy -> NO_BRIEF first=None valid_at=None valid=None | 0.0 min
  [S2 26/320] n=4 corpus_median mm_affine/True tau=0 sig=0.5 w=4 noisy -> NO_BRIEF first=None valid_at=None valid=None | 0.0 min
  [S2 27/320] n=4 corpus_median mm_affine/True tau=0 sig=0.5 w=4 noisy -> NO_BRIEF first=None valid_at=None valid=None | 0.0 min
  [S2 28/320] n=4 corpus_median mm_affine/True tau=0 sig=0.5 w=4 noisy -> NO_BRIEF first=None valid_at=None valid=None | 0.0 min
  [S2 29/320] n=4 corpus_median mm_affine/True tau=0 sig=0.5 w=4 noisy -> NO_BRIEF first=None valid_at=None valid=None | 0.0 min
  [S2 30/320] n=4 corpus_median mm_affine/True tau=0 sig=0.5 w=4 noisy -> NO_BRIEF first=None valid_at=None valid=None | 0.0 min
  [S2 31/320] n=4 corpus_median mm_affine/True tau=0 sig=0.5 w=4 noisy -> NO_BRIEF first=None valid_at=None valid=None | 0.0 min
  [S2 32/320] n=4 corpus_median mm_affine/True tau=0 sig=0.5 w=4 noisy -> NO_BRIEF first=None valid_at=None valid=None | 0.0 min
  [S2 33/320] n=4 flat_single_aspect mm_affine/True tau=0 sig=0.5 w=4 noisy -> NO_BRIEF first=None valid_at=None valid=None | 0.0 min
  [S2 34/320] n=4 flat_single_aspect mm_affine/True tau=0 sig=0.5 w=4 noisy -> NO_BRIEF first=None valid_at=None valid=None | 0.0 min
  [S2 35/320] n=4 flat_single_aspect mm_affine/True tau=0 sig=0.5 w=4 noisy -> NO_BRIEF first=None valid_at=None valid=None | 0.0 min
  [S2 36/320] n=4 flat_single_aspect mm_affine/True tau=0 sig=0.5 w=4 noisy -> NO_BRIEF first=None valid_at=None valid=None | 0.0 min
  [S2 37/320] n=4 flat_single_aspect mm_affine/True tau=0 sig=0.5 w=4 noisy -> NO_BRIEF first=None valid_at=None valid=None | 0.0 min
  [S2 38/320] n=4 flat_single_aspect mm_affine/True tau=0 sig=0.5 w=4 noisy -> NO_BRIEF first=None valid_at=None valid=None | 0.0 min
  [S2 39/320] n=4 flat_single_aspect mm_affine/True tau=0 sig=0.5 w=4 noisy -> NO_BRIEF first=None valid_at=None valid=None | 0.0 min
  [S2 40/320] n=4 flat_single_aspect mm_affine/True tau=0 sig=0.5 w=4 noisy -> NO_BRIEF first=None valid_at=None valid=None | 0.0 min
  [S2 41/320] n=6 detached mm_affine/True tau=0 sig=0.5 w=4 noisy -> NO_BRIEF first=None valid_at=None valid=None | 0.0 min
  [S2 42/320] n=6 detached mm_affine/True tau=0 sig=0.5 w=4 noisy -> NO_BRIEF first=None valid_at=None valid=None | 0.0 min
  [S2 43/320] n=6 detached mm_affine/True tau=0 sig=0.5 w=4 noisy -> NO_BRIEF first=None valid_at=None valid=None | 0.0 min
  [S2 44/320] n=6 detached mm_affine/True tau=0 sig=0.5 w=4 noisy -> NO_BRIEF first=None valid_at=None valid=None | 0.0 min
  [S2 45/320] n=6 detached mm_affine/True tau=0 sig=0.5 w=4 noisy -> NO_BRIEF first=None valid_at=None valid=None | 0.0 min
  [S2 46/320] n=6 detached mm_affine/True tau=0 sig=0.5 w=4 noisy -> NO_BRIEF first=None valid_at=None valid=None | 0.0 min
  [S2 47/320] n=6 detached mm_affine/True tau=0 sig=0.5 w=4 noisy -> NO_BRIEF first=None valid_at=None valid=None | 0.0 min
  [S2 48/320] n=6 detached mm_affine/True tau=0 sig=0.5 w=4 noisy -> NO_BRIEF first=None valid_at=None valid=None | 0.0 min
  [S2 49/320] n=6 terrace_mid mm_affine/True tau=0 sig=0.5 w=4 noisy -> NO_BRIEF first=None valid_at=None valid=None | 0.0 min
  [S2 50/320] n=6 terrace_mid mm_affine/True tau=0 sig=0.5 w=4 noisy -> NO_BRIEF first=None valid_at=None valid=None | 0.0 min
  [S2 51/320] n=6 terrace_mid mm_affine/True tau=0 sig=0.5 w=4 noisy -> NO_BRIEF first=None valid_at=None valid=None | 0.0 min
  [S2 52/320] n=6 terrace_mid mm_affine/True tau=0 sig=0.5 w=4 noisy -> NO_BRIEF first=None valid_at=None valid=None | 0.0 min
  [S2 53/320] n=6 terrace_mid mm_affine/True tau=0 sig=0.5 w=4 noisy -> NO_BRIEF first=None valid_at=None valid=None | 0.0 min
  [S2 54/320] n=6 terrace_mid mm_affine/True tau=0 sig=0.5 w=4 noisy -> NO_BRIEF first=None valid_at=None valid=None | 0.0 min
  [S2 55/320] n=6 terrace_mid mm_affine/True tau=0 sig=0.5 w=4 noisy -> NO_BRIEF first=None valid_at=None valid=None | 0.0 min
  [S2 56/320] n=6 terrace_mid mm_affine/True tau=0 sig=0.5 w=4 noisy -> NO_BRIEF first=None valid_at=None valid=None | 0.0 min
  [S2 57/320] n=6 flat_corner mm_affine/True tau=0 sig=0.5 w=4 noisy -> NO_BRIEF first=None valid_at=None valid=None | 0.0 min
  [S2 58/320] n=6 flat_corner mm_affine/True tau=0 sig=0.5 w=4 noisy -> NO_BRIEF first=None valid_at=None valid=None | 0.1 min
  [S2 59/320] n=6 flat_corner mm_affine/True tau=0 sig=0.5 w=4 noisy -> NO_BRIEF first=None valid_at=None valid=None | 0.1 min
  [S2 60/320] n=6 flat_corner mm_affine/True tau=0 sig=0.5 w=4 noisy -> NO_BRIEF first=None valid_at=None valid=None | 0.1 min
  [S2 61/320] n=6 flat_corner mm_affine/True tau=0 sig=0.5 w=4 noisy -> NO_BRIEF first=None valid_at=None valid=None | 0.1 min
  [S2 62/320] n=6 flat_corner mm_affine/True tau=0 sig=0.5 w=4 noisy -> NO_BRIEF first=None valid_at=None valid=None | 0.1 min
  [S2 63/320] n=6 flat_corner mm_affine/True tau=0 sig=0.5 w=4 noisy -> NO_BRIEF first=None valid_at=None valid=None | 0.1 min
  [S2 64/320] n=6 flat_corner mm_affine/True tau=0 sig=0.5 w=4 noisy -> NO_BRIEF first=None valid_at=None valid=None | 0.1 min
  [S2 65/320] n=6 corpus_median mm_affine/True tau=0 sig=0.5 w=4 noisy -> NO_BRIEF first=None valid_at=None valid=None | 0.1 min
  [S2 66/320] n=6 corpus_median mm_affine/True tau=0 sig=0.5 w=4 noisy -> NO_BRIEF first=None valid_at=None valid=None | 0.1 min
  [S2 67/320] n=6 corpus_median mm_affine/True tau=0 sig=0.5 w=4 noisy -> NO_BRIEF first=None valid_at=None valid=None | 0.1 min
  [S2 68/320] n=6 corpus_median mm_affine/True tau=0 sig=0.5 w=4 noisy -> NO_BRIEF first=None valid_at=None valid=None | 0.1 min
  [S2 69/320] n=6 corpus_median mm_affine/True tau=0 sig=0.5 w=4 noisy -> NO_BRIEF first=None valid_at=None valid=None | 0.1 min
  [S2 70/320] n=6 corpus_median mm_affine/True tau=0 sig=0.5 w=4 noisy -> NO_BRIEF first=None valid_at=None valid=None | 0.1 min
  [S2 71/320] n=6 corpus_median mm_affine/True tau=0 sig=0.5 w=4 noisy -> NO_BRIEF first=None valid_at=None valid=None | 0.1 min
  [S2 72/320] n=6 corpus_median mm_affine/True tau=0 sig=0.5 w=4 noisy -> NO_BRIEF first=None valid_at=None valid=None | 0.1 min
  [S2 73/320] n=6 flat_single_aspect mm_affine/True tau=0 sig=0.5 w=4 noisy -> NO_BRIEF first=None valid_at=None valid=None | 0.1 min
  [S2 74/320] n=6 flat_single_aspect mm_affine/True tau=0 sig=0.5 w=4 noisy -> NO_BRIEF first=None valid_at=None valid=None | 0.1 min
  [S2 75/320] n=6 flat_single_aspect mm_affine/True tau=0 sig=0.5 w=4 noisy -> NO_BRIEF first=None valid_at=None valid=None | 0.1 min
  [S2 76/320] n=6 flat_single_aspect mm_affine/True tau=0 sig=0.5 w=4 noisy -> NO_BRIEF first=None valid_at=None valid=None | 0.1 min
  [S2 77/320] n=6 flat_single_aspect mm_affine/True tau=0 sig=0.5 w=4 noisy -> NO_BRIEF first=None valid_at=None valid=None | 0.1 min
  [S2 78/320] n=6 flat_single_aspect mm_affine/True tau=0 sig=0.5 w=4 noisy -> NO_BRIEF first=None valid_at=None valid=None | 0.1 min
  [S2 79/320] n=6 flat_single_aspect mm_affine/True tau=0 sig=0.5 w=4 noisy -> NO_BRIEF first=None valid_at=None valid=None | 0.1 min
  [S2 80/320] n=6 flat_single_aspect mm_affine/True tau=0 sig=0.5 w=4 noisy -> NO_BRIEF first=None valid_at=None valid=None | 0.1 min
  [S2 81/320] n=8 detached mm_affine/True tau=0 sig=0.5 w=4 noisy -> OPTIMAL first=0.099 valid_at=0.1206 valid=True | 0.1 min
  [S2 82/320] n=8 detached mm_affine/True tau=0 sig=0.5 w=4 noisy -> OPTIMAL first=0.1172 valid_at=0.2168 valid=True | 0.1 min
  [S2 83/320] n=8 detached mm_affine/True tau=0 sig=0.5 w=4 noisy -> OPTIMAL first=0.0911 valid_at=0.2137 valid=True | 0.2 min
  [S2 84/320] n=8 detached mm_affine/True tau=0 sig=0.5 w=4 noisy -> OPTIMAL first=0.115 valid_at=0.2183 valid=True | 0.2 min
  [S2 85/320] n=8 detached mm_affine/True tau=0 sig=0.5 w=4 noisy -> OPTIMAL first=0.0759 valid_at=0.0798 valid=True | 0.2 min
  [S2 86/320] n=8 detached mm_affine/True tau=0 sig=0.5 w=4 noisy -> OPTIMAL first=0.0927 valid_at=0.0939 valid=True | 0.2 min
  [S2 87/320] n=8 detached mm_affine/True tau=0 sig=0.5 w=4 noisy -> OPTIMAL first=0.0936 valid_at=0.0947 valid=True | 0.2 min
  [S2 88/320] n=8 detached mm_affine/True tau=0 sig=0.5 w=4 noisy -> INFEASIBLE first=None valid_at=None valid=None | 0.2 min
  [S2 89/320] n=8 terrace_mid mm_affine/True tau=0 sig=0.5 w=4 noisy -> OPTIMAL first=0.0735 valid_at=0.0745 valid=True | 0.2 min
  [S2 90/320] n=8 terrace_mid mm_affine/True tau=0 sig=0.5 w=4 noisy -> OPTIMAL first=0.0783 valid_at=0.0835 valid=True | 0.2 min
  [S2 91/320] n=8 terrace_mid mm_affine/True tau=0 sig=0.5 w=4 noisy -> OPTIMAL first=0.105 valid_at=0.402 valid=True | 0.3 min
  [S2 92/320] n=8 terrace_mid mm_affine/True tau=0 sig=0.5 w=4 noisy -> OPTIMAL first=0.1013 valid_at=0.1249 valid=True | 0.3 min
  [S2 93/320] n=8 terrace_mid mm_affine/True tau=0 sig=0.5 w=4 noisy -> OPTIMAL first=0.0701 valid_at=0.0824 valid=True | 0.3 min
  [S2 94/320] n=8 terrace_mid mm_affine/True tau=0 sig=0.5 w=4 noisy -> OPTIMAL first=0.0808 valid_at=0.1163 valid=True | 0.3 min
  [S2 95/320] n=8 terrace_mid mm_affine/True tau=0 sig=0.5 w=4 noisy -> OPTIMAL first=0.0588 valid_at=0.0611 valid=True | 0.3 min
  [S2 96/320] n=8 terrace_mid mm_affine/True tau=0 sig=0.5 w=4 noisy -> INFEASIBLE first=None valid_at=None valid=None | 0.3 min
  [S2 97/320] n=8 flat_corner mm_affine/True tau=0 sig=0.5 w=4 noisy -> OPTIMAL first=0.0843 valid_at=0.0851 valid=True | 0.3 min
  [S2 98/320] n=8 flat_corner mm_affine/True tau=0 sig=0.5 w=4 noisy -> OPTIMAL first=0.1105 valid_at=0.1332 valid=True | 0.3 min
  [S2 99/320] n=8 flat_corner mm_affine/True tau=0 sig=0.5 w=4 noisy -> OPTIMAL first=0.115 valid_at=1.089 valid=True | 0.6 min
  [S2 100/320] n=8 flat_corner mm_affine/True tau=0 sig=0.5 w=4 noisy -> OPTIMAL first=0.1073 valid_at=0.1756 valid=True | 0.6 min
  [S2 101/320] n=8 flat_corner mm_affine/True tau=0 sig=0.5 w=4 noisy -> OPTIMAL first=0.0801 valid_at=0.0955 valid=True | 0.6 min
  [S2 102/320] n=8 flat_corner mm_affine/True tau=0 sig=0.5 w=4 noisy -> OPTIMAL first=0.0917 valid_at=0.1314 valid=True | 0.6 min
  [S2 103/320] n=8 flat_corner mm_affine/True tau=0 sig=0.5 w=4 noisy -> OPTIMAL first=0.0816 valid_at=0.185 valid=True | 0.6 min
  [S2 104/320] n=8 flat_corner mm_affine/True tau=0 sig=0.5 w=4 noisy -> INFEASIBLE first=None valid_at=None valid=None | 0.6 min
  [S2 105/320] n=8 corpus_median mm_affine/True tau=0 sig=0.5 w=4 noisy -> OPTIMAL first=0.0947 valid_at=0.1154 valid=True | 0.6 min
  [S2 106/320] n=8 corpus_median mm_affine/True tau=0 sig=0.5 w=4 noisy -> OPTIMAL first=0.1092 valid_at=0.1138 valid=True | 0.6 min
  [S2 107/320] n=8 corpus_median mm_affine/True tau=0 sig=0.5 w=4 noisy -> OPTIMAL first=0.1123 valid_at=1.094 valid=True | 0.9 min
  [S2 108/320] n=8 corpus_median mm_affine/True tau=0 sig=0.5 w=4 noisy -> OPTIMAL first=0.0903 valid_at=0.1205 valid=True | 1.0 min
  [S2 109/320] n=8 corpus_median mm_affine/True tau=0 sig=0.5 w=4 noisy -> OPTIMAL first=0.092 valid_at=0.2458 valid=True | 1.0 min
  [S2 110/320] n=8 corpus_median mm_affine/True tau=0 sig=0.5 w=4 noisy -> OPTIMAL first=0.1086 valid_at=0.1892 valid=True | 1.0 min
  [S2 111/320] n=8 corpus_median mm_affine/True tau=0 sig=0.5 w=4 noisy -> OPTIMAL first=0.1027 valid_at=0.206 valid=True | 1.0 min
  [S2 112/320] n=8 corpus_median mm_affine/True tau=0 sig=0.5 w=4 noisy -> INFEASIBLE first=None valid_at=None valid=None | 1.0 min
  [S2 113/320] n=8 flat_single_aspect mm_affine/True tau=0 sig=0.5 w=4 noisy -> H8_IMPOSSIBLE first=None valid_at=None valid=None | 1.0 min
  [S2 114/320] n=8 flat_single_aspect mm_affine/True tau=0 sig=0.5 w=4 noisy -> H8_IMPOSSIBLE first=None valid_at=None valid=None | 1.0 min
  [S2 115/320] n=8 flat_single_aspect mm_affine/True tau=0 sig=0.5 w=4 noisy -> H8_IMPOSSIBLE first=None valid_at=None valid=None | 1.0 min
  [S2 116/320] n=8 flat_single_aspect mm_affine/True tau=0 sig=0.5 w=4 noisy -> H8_IMPOSSIBLE first=None valid_at=None valid=None | 1.0 min
  [S2 117/320] n=8 flat_single_aspect mm_affine/True tau=0 sig=0.5 w=4 noisy -> H8_IMPOSSIBLE first=None valid_at=None valid=None | 1.0 min
  [S2 118/320] n=8 flat_single_aspect mm_affine/True tau=0 sig=0.5 w=4 noisy -> H8_IMPOSSIBLE first=None valid_at=None valid=None | 1.0 min
  [S2 119/320] n=8 flat_single_aspect mm_affine/True tau=0 sig=0.5 w=4 noisy -> H8_IMPOSSIBLE first=None valid_at=None valid=None | 1.0 min
  [S2 120/320] n=8 flat_single_aspect mm_affine/True tau=0 sig=0.5 w=4 noisy -> H8_IMPOSSIBLE first=None valid_at=None valid=None | 1.0 min
  [S2 121/320] n=10 detached mm_affine/True tau=0 sig=0.5 w=4 noisy -> INFEASIBLE first=None valid_at=None valid=None | 1.0 min
  [S2 122/320] n=10 detached mm_affine/True tau=0 sig=0.5 w=4 noisy -> FEASIBLE first=0.17 valid_at=0.392 valid=True | 1.5 min
  [S2 123/320] n=10 detached mm_affine/True tau=0 sig=0.5 w=4 noisy -> FEASIBLE first=0.2004 valid_at=2.4505 valid=True | 2.0 min
  [S2 124/320] n=10 detached mm_affine/True tau=0 sig=0.5 w=4 noisy -> OPTIMAL first=0.151 valid_at=0.3106 valid=True | 2.2 min
  [S2 125/320] n=10 detached mm_affine/True tau=0 sig=0.5 w=4 noisy -> FEASIBLE first=0.1544 valid_at=0.4595 valid=True | 2.7 min
  [S2 126/320] n=10 detached mm_affine/True tau=0 sig=0.5 w=4 noisy -> FEASIBLE first=0.1356 valid_at=0.2885 valid=True | 3.2 min
  [S2 127/320] n=10 detached mm_affine/True tau=0 sig=0.5 w=4 noisy -> OPTIMAL first=0.1553 valid_at=0.3219 valid=True | 3.5 min
  [S2 128/320] n=10 detached mm_affine/True tau=0 sig=0.5 w=4 noisy -> OPTIMAL first=0.1488 valid_at=0.2582 valid=True | 3.8 min
  [S2 129/320] n=10 terrace_mid mm_affine/True tau=0 sig=0.5 w=4 noisy -> INFEASIBLE first=None valid_at=None valid=None | 3.8 min
  [S2 130/320] n=10 terrace_mid mm_affine/True tau=0 sig=0.5 w=4 noisy -> FEASIBLE first=0.149 valid_at=1.073 valid=True | 4.3 min
  [S2 131/320] n=10 terrace_mid mm_affine/True tau=0 sig=0.5 w=4 noisy -> FEASIBLE first=0.1057 valid_at=None valid=False | 4.8 min
  [S2 132/320] n=10 terrace_mid mm_affine/True tau=0 sig=0.5 w=4 noisy -> FEASIBLE first=0.1245 valid_at=0.4018 valid=True | 5.3 min
  [S2 133/320] n=10 terrace_mid mm_affine/True tau=0 sig=0.5 w=4 noisy -> FEASIBLE first=0.213 valid_at=0.4887 valid=True | 5.8 min
  [S2 134/320] n=10 terrace_mid mm_affine/True tau=0 sig=0.5 w=4 noisy -> FEASIBLE first=0.127 valid_at=1.6276 valid=True | 6.3 min
  [S2 135/320] n=10 terrace_mid mm_affine/True tau=0 sig=0.5 w=4 noisy -> FEASIBLE first=0.1553 valid_at=1.5935 valid=True | 6.8 min
  [S2 136/320] n=10 terrace_mid mm_affine/True tau=0 sig=0.5 w=4 noisy -> FEASIBLE first=0.1364 valid_at=0.2724 valid=True | 7.3 min
  [S2 137/320] n=10 flat_corner mm_affine/True tau=0 sig=0.5 w=4 noisy -> INFEASIBLE first=None valid_at=None valid=None | 7.3 min
  [S2 138/320] n=10 flat_corner mm_affine/True tau=0 sig=0.5 w=4 noisy -> FEASIBLE first=0.1467 valid_at=1.56 valid=True | 7.8 min
  [S2 139/320] n=10 flat_corner mm_affine/True tau=0 sig=0.5 w=4 noisy -> FEASIBLE first=0.1841 valid_at=1.4978 valid=True | 8.3 min
  [S2 140/320] n=10 flat_corner mm_affine/True tau=0 sig=0.5 w=4 noisy -> OPTIMAL first=0.127 valid_at=0.1384 valid=True | 8.3 min
  [S2 141/320] n=10 flat_corner mm_affine/True tau=0 sig=0.5 w=4 noisy -> FEASIBLE first=0.1538 valid_at=1.0292 valid=True | 8.8 min
  [S2 142/320] n=10 flat_corner mm_affine/True tau=0 sig=0.5 w=4 noisy -> OPTIMAL first=0.1216 valid_at=0.4293 valid=True | 9.0 min
  [S2 143/320] n=10 flat_corner mm_affine/True tau=0 sig=0.5 w=4 noisy -> OPTIMAL first=0.1232 valid_at=0.2355 valid=True | 9.2 min
  [S2 144/320] n=10 flat_corner mm_affine/True tau=0 sig=0.5 w=4 noisy -> FEASIBLE first=0.1377 valid_at=0.3353 valid=True | 9.7 min
  [S2 145/320] n=10 corpus_median mm_affine/True tau=0 sig=0.5 w=4 noisy -> INFEASIBLE first=None valid_at=None valid=None | 9.7 min
  [S2 146/320] n=10 corpus_median mm_affine/True tau=0 sig=0.5 w=4 noisy -> FEASIBLE first=0.1479 valid_at=1.0045 valid=True | 10.2 min
  [S2 147/320] n=10 corpus_median mm_affine/True tau=0 sig=0.5 w=4 noisy -> OPTIMAL first=0.1007 valid_at=None valid=False | 10.6 min
  [S2 148/320] n=10 corpus_median mm_affine/True tau=0 sig=0.5 w=4 noisy -> FEASIBLE first=0.1866 valid_at=0.267 valid=True | 11.1 min
  [S2 149/320] n=10 corpus_median mm_affine/True tau=0 sig=0.5 w=4 noisy -> OPTIMAL first=0.1441 valid_at=0.2756 valid=True | 11.5 min
  [S2 150/320] n=10 corpus_median mm_affine/True tau=0 sig=0.5 w=4 noisy -> FEASIBLE first=0.149 valid_at=0.2399 valid=True | 12.0 min
  [S2 151/320] n=10 corpus_median mm_affine/True tau=0 sig=0.5 w=4 noisy -> OPTIMAL first=0.2097 valid_at=None valid=False | 12.0 min
  [S2 152/320] n=10 corpus_median mm_affine/True tau=0 sig=0.5 w=4 noisy -> OPTIMAL first=0.1225 valid_at=0.3702 valid=True | 12.0 min
  [S2 153/320] n=10 flat_single_aspect mm_affine/True tau=0 sig=0.5 w=4 noisy -> H8_IMPOSSIBLE first=None valid_at=None valid=None | 12.0 min
  [S2 154/320] n=10 flat_single_aspect mm_affine/True tau=0 sig=0.5 w=4 noisy -> H8_IMPOSSIBLE first=None valid_at=None valid=None | 12.0 min
  [S2 155/320] n=10 flat_single_aspect mm_affine/True tau=0 sig=0.5 w=4 noisy -> H8_IMPOSSIBLE first=None valid_at=None valid=None | 12.0 min
  [S2 156/320] n=10 flat_single_aspect mm_affine/True tau=0 sig=0.5 w=4 noisy -> H8_IMPOSSIBLE first=None valid_at=None valid=None | 12.0 min
  [S2 157/320] n=10 flat_single_aspect mm_affine/True tau=0 sig=0.5 w=4 noisy -> H8_IMPOSSIBLE first=None valid_at=None valid=None | 12.0 min
  [S2 158/320] n=10 flat_single_aspect mm_affine/True tau=0 sig=0.5 w=4 noisy -> H8_IMPOSSIBLE first=None valid_at=None valid=None | 12.0 min
  [S2 159/320] n=10 flat_single_aspect mm_affine/True tau=0 sig=0.5 w=4 noisy -> H8_IMPOSSIBLE first=None valid_at=None valid=None | 12.0 min
  [S2 160/320] n=10 flat_single_aspect mm_affine/True tau=0 sig=0.5 w=4 noisy -> H8_IMPOSSIBLE first=None valid_at=None valid=None | 12.0 min
  [S2 161/320] n=12 detached mm_affine/True tau=0 sig=0.5 w=4 noisy -> FEASIBLE first=0.2453 valid_at=1.3911 valid=True | 12.5 min
  [S2 162/320] n=12 detached mm_affine/True tau=0 sig=0.5 w=4 noisy -> FEASIBLE first=0.2783 valid_at=0.529 valid=True | 13.0 min
  [S2 163/320] n=12 detached mm_affine/True tau=0 sig=0.5 w=4 noisy -> FEASIBLE first=0.284 valid_at=0.4343 valid=True | 13.5 min
  [S2 164/320] n=12 detached mm_affine/True tau=0 sig=0.5 w=4 noisy -> INFEASIBLE first=None valid_at=None valid=None | 13.5 min
  [S2 165/320] n=12 detached mm_affine/True tau=0 sig=0.5 w=4 noisy -> INFEASIBLE first=None valid_at=None valid=None | 13.5 min
  [S2 166/320] n=12 detached mm_affine/True tau=0 sig=0.5 w=4 noisy -> FEASIBLE first=0.2635 valid_at=1.6226 valid=True | 14.0 min
  [S2 167/320] n=12 detached mm_affine/True tau=0 sig=0.5 w=4 noisy -> OPTIMAL first=0.2478 valid_at=0.791 valid=True | 14.1 min
  [S2 168/320] n=12 detached mm_affine/True tau=0 sig=0.5 w=4 noisy -> FEASIBLE first=0.3024 valid_at=1.0413 valid=True | 14.6 min
  [S2 169/320] n=12 terrace_mid mm_affine/True tau=0 sig=0.5 w=4 noisy -> FEASIBLE first=0.45 valid_at=2.79 valid=True | 15.1 min
  [S2 170/320] n=12 terrace_mid mm_affine/True tau=0 sig=0.5 w=4 noisy -> FEASIBLE first=0.2444 valid_at=0.7063 valid=True | 15.6 min
  [S2 171/320] n=12 terrace_mid mm_affine/True tau=0 sig=0.5 w=4 noisy -> FEASIBLE first=0.2499 valid_at=0.9768 valid=True | 16.1 min
  [S2 172/320] n=12 terrace_mid mm_affine/True tau=0 sig=0.5 w=4 noisy -> INFEASIBLE first=None valid_at=None valid=None | 16.1 min
  [S2 173/320] n=12 terrace_mid mm_affine/True tau=0 sig=0.5 w=4 noisy -> INFEASIBLE first=None valid_at=None valid=None | 16.1 min
  [S2 174/320] n=12 terrace_mid mm_affine/True tau=0 sig=0.5 w=4 noisy -> FEASIBLE first=0.2439 valid_at=0.4006 valid=True | 16.6 min
  [S2 175/320] n=12 terrace_mid mm_affine/True tau=0 sig=0.5 w=4 noisy -> OPTIMAL first=0.2326 valid_at=0.7935 valid=True | 16.8 min
  [S2 176/320] n=12 terrace_mid mm_affine/True tau=0 sig=0.5 w=4 noisy -> FEASIBLE first=0.286 valid_at=0.4219 valid=True | 17.3 min
  [S2 177/320] n=12 flat_corner mm_affine/True tau=0 sig=0.5 w=4 noisy -> FEASIBLE first=0.3908 valid_at=2.7277 valid=True | 17.8 min
  [S2 178/320] n=12 flat_corner mm_affine/True tau=0 sig=0.5 w=4 noisy -> FEASIBLE first=0.2617 valid_at=0.5626 valid=True | 18.3 min
  [S2 179/320] n=12 flat_corner mm_affine/True tau=0 sig=0.5 w=4 noisy -> FEASIBLE first=0.2946 valid_at=2.3596 valid=True | 18.8 min
  [S2 180/320] n=12 flat_corner mm_affine/True tau=0 sig=0.5 w=4 noisy -> FEASIBLE first=0.3603 valid_at=1.1881 valid=True | 19.3 min
  [S2 181/320] n=12 flat_corner mm_affine/True tau=0 sig=0.5 w=4 noisy -> INFEASIBLE first=None valid_at=None valid=None | 19.3 min
  [S2 182/320] n=12 flat_corner mm_affine/True tau=0 sig=0.5 w=4 noisy -> FEASIBLE first=0.2954 valid_at=1.3134 valid=True | 19.8 min
  [S2 183/320] n=12 flat_corner mm_affine/True tau=0 sig=0.5 w=4 noisy -> FEASIBLE first=0.3979 valid_at=0.3979 valid=True | 20.3 min
  [S2 184/320] n=12 flat_corner mm_affine/True tau=0 sig=0.5 w=4 noisy -> FEASIBLE first=0.2849 valid_at=1.6197 valid=True | 20.9 min
  [S2 185/320] n=12 corpus_median mm_affine/True tau=0 sig=0.5 w=4 noisy -> INFEASIBLE first=None valid_at=None valid=None | 20.9 min
  [S2 186/320] n=12 corpus_median mm_affine/True tau=0 sig=0.5 w=4 noisy -> FEASIBLE first=0.2909 valid_at=0.4788 valid=True | 21.4 min
  [S2 187/320] n=12 corpus_median mm_affine/True tau=0 sig=0.5 w=4 noisy -> FEASIBLE first=0.2506 valid_at=1.0273 valid=True | 21.9 min
  [S2 188/320] n=12 corpus_median mm_affine/True tau=0 sig=0.5 w=4 noisy -> INFEASIBLE first=None valid_at=None valid=None | 21.9 min
  [S2 189/320] n=12 corpus_median mm_affine/True tau=0 sig=0.5 w=4 noisy -> INFEASIBLE first=None valid_at=None valid=None | 21.9 min
  [S2 190/320] n=12 corpus_median mm_affine/True tau=0 sig=0.5 w=4 noisy -> FEASIBLE first=0.3127 valid_at=1.8201 valid=True | 22.4 min
  [S2 191/320] n=12 corpus_median mm_affine/True tau=0 sig=0.5 w=4 noisy -> FEASIBLE first=0.2331 valid_at=1.0171 valid=True | 22.9 min
  [S2 192/320] n=12 corpus_median mm_affine/True tau=0 sig=0.5 w=4 noisy -> FEASIBLE first=0.3233 valid_at=1.298 valid=True | 23.4 min
  [S2 193/320] n=12 flat_single_aspect mm_affine/True tau=0 sig=0.5 w=4 noisy -> H8_IMPOSSIBLE first=None valid_at=None valid=None | 23.4 min
  [S2 194/320] n=12 flat_single_aspect mm_affine/True tau=0 sig=0.5 w=4 noisy -> H8_IMPOSSIBLE first=None valid_at=None valid=None | 23.4 min
  [S2 195/320] n=12 flat_single_aspect mm_affine/True tau=0 sig=0.5 w=4 noisy -> H8_IMPOSSIBLE first=None valid_at=None valid=None | 23.4 min
  [S2 196/320] n=12 flat_single_aspect mm_affine/True tau=0 sig=0.5 w=4 noisy -> H8_IMPOSSIBLE first=None valid_at=None valid=None | 23.4 min
  [S2 197/320] n=12 flat_single_aspect mm_affine/True tau=0 sig=0.5 w=4 noisy -> H8_IMPOSSIBLE first=None valid_at=None valid=None | 23.4 min
  [S2 198/320] n=12 flat_single_aspect mm_affine/True tau=0 sig=0.5 w=4 noisy -> H8_IMPOSSIBLE first=None valid_at=None valid=None | 23.4 min
  [S2 199/320] n=12 flat_single_aspect mm_affine/True tau=0 sig=0.5 w=4 noisy -> H8_IMPOSSIBLE first=None valid_at=None valid=None | 23.4 min
  [S2 200/320] n=12 flat_single_aspect mm_affine/True tau=0 sig=0.5 w=4 noisy -> H8_IMPOSSIBLE first=None valid_at=None valid=None | 23.4 min
  [S2 201/320] n=16 detached mm_affine/True tau=0 sig=0.5 w=4 noisy -> FEASIBLE first=0.8056 valid_at=None valid=False | 23.9 min
  [S2 202/320] n=16 detached mm_affine/True tau=0 sig=0.5 w=4 noisy -> FEASIBLE first=0.4866 valid_at=3.8589 valid=True | 24.4 min
  [S2 203/320] n=16 detached mm_affine/True tau=0 sig=0.5 w=4 noisy -> FEASIBLE first=0.4163 valid_at=1.1592 valid=True | 24.9 min
  [S2 204/320] n=16 detached mm_affine/True tau=0 sig=0.5 w=4 noisy -> FEASIBLE first=1.1612 valid_at=None valid=False | 25.4 min
  [S2 205/320] n=16 detached mm_affine/True tau=0 sig=0.5 w=4 noisy -> FEASIBLE first=0.543 valid_at=7.1027 valid=True | 25.9 min
  [S2 206/320] n=16 detached mm_affine/True tau=0 sig=0.5 w=4 noisy -> FEASIBLE first=0.8531 valid_at=13.8854 valid=True | 26.4 min
  [S2 207/320] n=16 detached mm_affine/True tau=0 sig=0.5 w=4 noisy -> FEASIBLE first=0.6964 valid_at=2.5253 valid=True | 26.9 min
  [S2 208/320] n=16 detached mm_affine/True tau=0 sig=0.5 w=4 noisy -> FEASIBLE first=0.508 valid_at=2.1427 valid=True | 27.4 min
  [S2 209/320] n=16 terrace_mid mm_affine/True tau=0 sig=0.5 w=4 noisy -> FEASIBLE first=0.9249 valid_at=None valid=False | 27.9 min
  [S2 210/320] n=16 terrace_mid mm_affine/True tau=0 sig=0.5 w=4 noisy -> FEASIBLE first=0.3328 valid_at=3.2682 valid=True | 28.4 min
  [S2 211/320] n=16 terrace_mid mm_affine/True tau=0 sig=0.5 w=4 noisy -> FEASIBLE first=0.3699 valid_at=0.5721 valid=True | 28.9 min
  [S2 212/320] n=16 terrace_mid mm_affine/True tau=0 sig=0.5 w=4 noisy -> FEASIBLE first=1.06 valid_at=None valid=False | 29.4 min
  [S2 213/320] n=16 terrace_mid mm_affine/True tau=0 sig=0.5 w=4 noisy -> FEASIBLE first=0.5984 valid_at=1.3553 valid=True | 29.9 min
  [S2 214/320] n=16 terrace_mid mm_affine/True tau=0 sig=0.5 w=4 noisy -> FEASIBLE first=0.6458 valid_at=5.5073 valid=True | 30.4 min
  [S2 215/320] n=16 terrace_mid mm_affine/True tau=0 sig=0.5 w=4 noisy -> FEASIBLE first=0.675 valid_at=1.9493 valid=True | 30.9 min
  [S2 216/320] n=16 terrace_mid mm_affine/True tau=0 sig=0.5 w=4 noisy -> FEASIBLE first=0.6758 valid_at=9.3374 valid=True | 31.4 min
  [S2 217/320] n=16 flat_corner mm_affine/True tau=0 sig=0.5 w=4 noisy -> INFEASIBLE first=None valid_at=None valid=None | 31.4 min
  [S2 218/320] n=16 flat_corner mm_affine/True tau=0 sig=0.5 w=4 noisy -> FEASIBLE first=1.0049 valid_at=5.6981 valid=True | 31.9 min
  [S2 219/320] n=16 flat_corner mm_affine/True tau=0 sig=0.5 w=4 noisy -> FEASIBLE first=0.6265 valid_at=6.2641 valid=True | 32.4 min
  [S2 220/320] n=16 flat_corner mm_affine/True tau=0 sig=0.5 w=4 noisy -> FEASIBLE first=0.8428 valid_at=11.5644 valid=True | 33.0 min
  [S2 221/320] n=16 flat_corner mm_affine/True tau=0 sig=0.5 w=4 noisy -> FEASIBLE first=0.8201 valid_at=2.1595 valid=True | 33.5 min
  [S2 222/320] n=16 flat_corner mm_affine/True tau=0 sig=0.5 w=4 noisy -> FEASIBLE first=0.9749 valid_at=2.9418 valid=True | 34.0 min
  [S2 223/320] n=16 flat_corner mm_affine/True tau=0 sig=0.5 w=4 noisy -> FEASIBLE first=0.8142 valid_at=3.4519 valid=True | 34.5 min
  [S2 224/320] n=16 flat_corner mm_affine/True tau=0 sig=0.5 w=4 noisy -> FEASIBLE first=0.7475 valid_at=2.2303 valid=True | 35.0 min
  [S2 225/320] n=16 corpus_median mm_affine/True tau=0 sig=0.5 w=4 noisy -> FEASIBLE first=0.606 valid_at=2.2345 valid=True | 35.5 min
  [S2 226/320] n=16 corpus_median mm_affine/True tau=0 sig=0.5 w=4 noisy -> FEASIBLE first=0.6748 valid_at=6.8672 valid=True | 36.0 min
  [S2 227/320] n=16 corpus_median mm_affine/True tau=0 sig=0.5 w=4 noisy -> FEASIBLE first=0.5794 valid_at=3.6282 valid=True | 36.5 min
  [S2 228/320] n=16 corpus_median mm_affine/True tau=0 sig=0.5 w=4 noisy -> FEASIBLE first=0.7161 valid_at=None valid=False | 37.0 min
  [S2 229/320] n=16 corpus_median mm_affine/True tau=0 sig=0.5 w=4 noisy -> FEASIBLE first=0.6327 valid_at=9.068 valid=True | 37.5 min
  [S2 230/320] n=16 corpus_median mm_affine/True tau=0 sig=0.5 w=4 noisy -> FEASIBLE first=0.5591 valid_at=2.5086 valid=True | 38.0 min
  [S2 231/320] n=16 corpus_median mm_affine/True tau=0 sig=0.5 w=4 noisy -> FEASIBLE first=0.767 valid_at=1.3768 valid=True | 38.5 min
  [S2 232/320] n=16 corpus_median mm_affine/True tau=0 sig=0.5 w=4 noisy -> FEASIBLE first=0.7515 valid_at=5.1069 valid=True | 39.0 min
  [S2 233/320] n=16 flat_single_aspect mm_affine/True tau=0 sig=0.5 w=4 noisy -> H8_IMPOSSIBLE first=None valid_at=None valid=None | 39.0 min
  [S2 234/320] n=16 flat_single_aspect mm_affine/True tau=0 sig=0.5 w=4 noisy -> H8_IMPOSSIBLE first=None valid_at=None valid=None | 39.0 min
  [S2 235/320] n=16 flat_single_aspect mm_affine/True tau=0 sig=0.5 w=4 noisy -> H8_IMPOSSIBLE first=None valid_at=None valid=None | 39.0 min
  [S2 236/320] n=16 flat_single_aspect mm_affine/True tau=0 sig=0.5 w=4 noisy -> H8_IMPOSSIBLE first=None valid_at=None valid=None | 39.0 min
  [S2 237/320] n=16 flat_single_aspect mm_affine/True tau=0 sig=0.5 w=4 noisy -> H8_IMPOSSIBLE first=None valid_at=None valid=None | 39.0 min
  [S2 238/320] n=16 flat_single_aspect mm_affine/True tau=0 sig=0.5 w=4 noisy -> H8_IMPOSSIBLE first=None valid_at=None valid=None | 39.0 min
  [S2 239/320] n=16 flat_single_aspect mm_affine/True tau=0 sig=0.5 w=4 noisy -> H8_IMPOSSIBLE first=None valid_at=None valid=None | 39.0 min
  [S2 240/320] n=16 flat_single_aspect mm_affine/True tau=0 sig=0.5 w=4 noisy -> H8_IMPOSSIBLE first=None valid_at=None valid=None | 39.0 min
  [S2 241/320] n=20 detached mm_affine/True tau=0 sig=0.5 w=4 noisy -> FEASIBLE first=3.3939 valid_at=7.8922 valid=True | 39.5 min
  [S2 242/320] n=20 detached mm_affine/True tau=0 sig=0.5 w=4 noisy -> FEASIBLE first=1.6157 valid_at=None valid=False | 40.0 min
  [S2 243/320] n=20 detached mm_affine/True tau=0 sig=0.5 w=4 noisy -> FEASIBLE first=1.9456 valid_at=4.3347 valid=True | 40.5 min
  [S2 244/320] n=20 detached mm_affine/True tau=0 sig=0.5 w=4 noisy -> INFEASIBLE first=None valid_at=None valid=None | 40.5 min
  [S2 245/320] n=20 detached mm_affine/True tau=0 sig=0.5 w=4 noisy -> FEASIBLE first=0.814 valid_at=2.0344 valid=True | 41.0 min
  [S2 246/320] n=20 detached mm_affine/True tau=0 sig=0.5 w=4 noisy -> FEASIBLE first=1.8665 valid_at=4.4924 valid=True | 41.5 min
  [S2 247/320] n=20 detached mm_affine/True tau=0 sig=0.5 w=4 noisy -> INFEASIBLE first=None valid_at=None valid=None | 41.5 min
  [S2 248/320] n=20 detached mm_affine/True tau=0 sig=0.5 w=4 noisy -> INFEASIBLE first=None valid_at=None valid=None | 41.6 min
  [S2 249/320] n=20 terrace_mid mm_affine/True tau=0 sig=0.5 w=4 noisy -> FEASIBLE first=0.9465 valid_at=4.9119 valid=True | 42.1 min
  [S2 250/320] n=20 terrace_mid mm_affine/True tau=0 sig=0.5 w=4 noisy -> FEASIBLE first=1.0031 valid_at=None valid=False | 42.6 min
  [S2 251/320] n=20 terrace_mid mm_affine/True tau=0 sig=0.5 w=4 noisy -> FEASIBLE first=2.1747 valid_at=16.0349 valid=True | 43.1 min
  [S2 252/320] n=20 terrace_mid mm_affine/True tau=0 sig=0.5 w=4 noisy -> INFEASIBLE first=None valid_at=None valid=None | 43.1 min
  [S2 253/320] n=20 terrace_mid mm_affine/True tau=0 sig=0.5 w=4 noisy -> FEASIBLE first=0.8443 valid_at=3.0113 valid=True | 43.6 min
  [S2 254/320] n=20 terrace_mid mm_affine/True tau=0 sig=0.5 w=4 noisy -> FEASIBLE first=0.925 valid_at=5.1087 valid=True | 44.1 min
  [S2 255/320] n=20 terrace_mid mm_affine/True tau=0 sig=0.5 w=4 noisy -> INFEASIBLE first=None valid_at=None valid=None | 44.1 min
  [S2 256/320] n=20 terrace_mid mm_affine/True tau=0 sig=0.5 w=4 noisy -> FEASIBLE first=2.8647 valid_at=14.6082 valid=True | 44.6 min
  [S2 257/320] n=20 flat_corner mm_affine/True tau=0 sig=0.5 w=4 noisy -> FEASIBLE first=1.384 valid_at=11.5191 valid=True | 45.1 min
  [S2 258/320] n=20 flat_corner mm_affine/True tau=0 sig=0.5 w=4 noisy -> FEASIBLE first=1.3941 valid_at=None valid=False | 45.6 min
  [S2 259/320] n=20 flat_corner mm_affine/True tau=0 sig=0.5 w=4 noisy -> FEASIBLE first=0.9755 valid_at=6.9699 valid=True | 46.1 min
  [S2 260/320] n=20 flat_corner mm_affine/True tau=0 sig=0.5 w=4 noisy -> INFEASIBLE first=None valid_at=None valid=None | 46.1 min
  [S2 261/320] n=20 flat_corner mm_affine/True tau=0 sig=0.5 w=4 noisy -> FEASIBLE first=1.1311 valid_at=2.1232 valid=True | 46.6 min
  [S2 262/320] n=20 flat_corner mm_affine/True tau=0 sig=0.5 w=4 noisy -> FEASIBLE first=1.5913 valid_at=5.7109 valid=True | 47.1 min
  [S2 263/320] n=20 flat_corner mm_affine/True tau=0 sig=0.5 w=4 noisy -> INFEASIBLE first=None valid_at=None valid=None | 47.2 min
  [S2 264/320] n=20 flat_corner mm_affine/True tau=0 sig=0.5 w=4 noisy -> INFEASIBLE first=None valid_at=None valid=None | 47.2 min
  [S2 265/320] n=20 corpus_median mm_affine/True tau=0 sig=0.5 w=4 noisy -> FEASIBLE first=1.4272 valid_at=None valid=False | 47.7 min
  [S2 266/320] n=20 corpus_median mm_affine/True tau=0 sig=0.5 w=4 noisy -> FEASIBLE first=1.4638 valid_at=None valid=False | 48.2 min
  [S2 267/320] n=20 corpus_median mm_affine/True tau=0 sig=0.5 w=4 noisy -> FEASIBLE first=1.7075 valid_at=3.6578 valid=True | 48.7 min
  [S2 268/320] n=20 corpus_median mm_affine/True tau=0 sig=0.5 w=4 noisy -> INFEASIBLE first=None valid_at=None valid=None | 48.7 min
  [S2 269/320] n=20 corpus_median mm_affine/True tau=0 sig=0.5 w=4 noisy -> FEASIBLE first=1.4277 valid_at=6.794 valid=True | 49.2 min
  [S2 270/320] n=20 corpus_median mm_affine/True tau=0 sig=0.5 w=4 noisy -> FEASIBLE first=1.9219 valid_at=7.6509 valid=True | 49.7 min
  [S2 271/320] n=20 corpus_median mm_affine/True tau=0 sig=0.5 w=4 noisy -> INFEASIBLE first=None valid_at=None valid=None | 49.7 min
  [S2 272/320] n=20 corpus_median mm_affine/True tau=0 sig=0.5 w=4 noisy -> FEASIBLE first=1.8063 valid_at=6.8714 valid=True | 50.2 min
  [S2 273/320] n=20 flat_single_aspect mm_affine/True tau=0 sig=0.5 w=4 noisy -> H8_IMPOSSIBLE first=None valid_at=None valid=None | 50.2 min
  [S2 274/320] n=20 flat_single_aspect mm_affine/True tau=0 sig=0.5 w=4 noisy -> H8_IMPOSSIBLE first=None valid_at=None valid=None | 50.2 min
  [S2 275/320] n=20 flat_single_aspect mm_affine/True tau=0 sig=0.5 w=4 noisy -> H8_IMPOSSIBLE first=None valid_at=None valid=None | 50.2 min
  [S2 276/320] n=20 flat_single_aspect mm_affine/True tau=0 sig=0.5 w=4 noisy -> H8_IMPOSSIBLE first=None valid_at=None valid=None | 50.2 min
  [S2 277/320] n=20 flat_single_aspect mm_affine/True tau=0 sig=0.5 w=4 noisy -> H8_IMPOSSIBLE first=None valid_at=None valid=None | 50.2 min
  [S2 278/320] n=20 flat_single_aspect mm_affine/True tau=0 sig=0.5 w=4 noisy -> H8_IMPOSSIBLE first=None valid_at=None valid=None | 50.2 min
  [S2 279/320] n=20 flat_single_aspect mm_affine/True tau=0 sig=0.5 w=4 noisy -> H8_IMPOSSIBLE first=None valid_at=None valid=None | 50.2 min
  [S2 280/320] n=20 flat_single_aspect mm_affine/True tau=0 sig=0.5 w=4 noisy -> H8_IMPOSSIBLE first=None valid_at=None valid=None | 50.2 min
  [S2 281/320] n=24 detached mm_affine/True tau=0 sig=0.5 w=4 noisy -> FEASIBLE first=3.1399 valid_at=8.5803 valid=True | 50.7 min
  [S2 282/320] n=24 detached mm_affine/True tau=0 sig=0.5 w=4 noisy -> FEASIBLE first=2.4143 valid_at=None valid=False | 51.2 min
  [S2 283/320] n=24 detached mm_affine/True tau=0 sig=0.5 w=4 noisy -> FEASIBLE first=1.5888 valid_at=7.3472 valid=True | 51.7 min
  [S2 284/320] n=24 detached mm_affine/True tau=0 sig=0.5 w=4 noisy -> FEASIBLE first=4.6364 valid_at=10.5645 valid=True | 52.3 min
  [S2 285/320] n=24 detached mm_affine/True tau=0 sig=0.5 w=4 noisy -> FEASIBLE first=2.7171 valid_at=13.1076 valid=True | 52.8 min
  [S2 286/320] n=24 detached mm_affine/True tau=0 sig=0.5 w=4 noisy -> FEASIBLE first=4.3578 valid_at=7.4336 valid=True | 53.3 min
  [S2 287/320] n=24 detached mm_affine/True tau=0 sig=0.5 w=4 noisy -> FEASIBLE first=1.6492 valid_at=6.4676 valid=True | 53.8 min
  [S2 288/320] n=24 detached mm_affine/True tau=0 sig=0.5 w=4 noisy -> FEASIBLE first=2.8318 valid_at=25.0601 valid=True | 54.3 min
  [S2 289/320] n=24 terrace_mid mm_affine/True tau=0 sig=0.5 w=4 noisy -> FEASIBLE first=2.0367 valid_at=6.9723 valid=True | 54.8 min
  [S2 290/320] n=24 terrace_mid mm_affine/True tau=0 sig=0.5 w=4 noisy -> FEASIBLE first=3.9994 valid_at=None valid=False | 55.3 min
  [S2 291/320] n=24 terrace_mid mm_affine/True tau=0 sig=0.5 w=4 noisy -> FEASIBLE first=2.1757 valid_at=7.7372 valid=True | 55.8 min
  [S2 292/320] n=24 terrace_mid mm_affine/True tau=0 sig=0.5 w=4 noisy -> INFEASIBLE first=None valid_at=None valid=None | 55.8 min
  [S2 293/320] n=24 terrace_mid mm_affine/True tau=0 sig=0.5 w=4 noisy -> FEASIBLE first=2.086 valid_at=8.9205 valid=True | 56.3 min
  [S2 294/320] n=24 terrace_mid mm_affine/True tau=0 sig=0.5 w=4 noisy -> FEASIBLE first=2.9773 valid_at=11.9797 valid=True | 56.8 min
  [S2 295/320] n=24 terrace_mid mm_affine/True tau=0 sig=0.5 w=4 noisy -> INFEASIBLE first=None valid_at=None valid=None | 56.8 min
  [S2 296/320] n=24 terrace_mid mm_affine/True tau=0 sig=0.5 w=4 noisy -> FEASIBLE first=1.6816 valid_at=9.2766 valid=True | 57.4 min
  [S2 297/320] n=24 flat_corner mm_affine/True tau=0 sig=0.5 w=4 noisy -> FEASIBLE first=4.2378 valid_at=13.6539 valid=True | 57.9 min
  [S2 298/320] n=24 flat_corner mm_affine/True tau=0 sig=0.5 w=4 noisy -> FEASIBLE first=6.1806 valid_at=13.0718 valid=True | 58.4 min
  [S2 299/320] n=24 flat_corner mm_affine/True tau=0 sig=0.5 w=4 noisy -> FEASIBLE first=2.2655 valid_at=9.9228 valid=True | 58.9 min
  [S2 300/320] n=24 flat_corner mm_affine/True tau=0 sig=0.5 w=4 noisy -> INFEASIBLE first=None valid_at=None valid=None | 58.9 min
  [S2 301/320] n=24 flat_corner mm_affine/True tau=0 sig=0.5 w=4 noisy -> FEASIBLE first=2.6255 valid_at=None valid=False | 59.4 min
  [S2 302/320] n=24 flat_corner mm_affine/True tau=0 sig=0.5 w=4 noisy -> FEASIBLE first=5.5863 valid_at=13.6455 valid=True | 59.9 min
  [S2 303/320] n=24 flat_corner mm_affine/True tau=0 sig=0.5 w=4 noisy -> INFEASIBLE first=None valid_at=None valid=None | 59.9 min
  [S2 304/320] n=24 flat_corner mm_affine/True tau=0 sig=0.5 w=4 noisy -> FEASIBLE first=2.938 valid_at=18.3299 valid=True | 60.4 min
  [S2 305/320] n=24 corpus_median mm_affine/True tau=0 sig=0.5 w=4 noisy -> FEASIBLE first=3.2676 valid_at=7.332 valid=True | 60.9 min
  [S2 306/320] n=24 corpus_median mm_affine/True tau=0 sig=0.5 w=4 noisy -> FEASIBLE first=4.4599 valid_at=20.8373 valid=True | 61.4 min
  [S2 307/320] n=24 corpus_median mm_affine/True tau=0 sig=0.5 w=4 noisy -> FEASIBLE first=2.4204 valid_at=8.3848 valid=True | 62.0 min
  [S2 308/320] n=24 corpus_median mm_affine/True tau=0 sig=0.5 w=4 noisy -> INFEASIBLE first=None valid_at=None valid=None | 62.0 min
  [S2 309/320] n=24 corpus_median mm_affine/True tau=0 sig=0.5 w=4 noisy -> FEASIBLE first=1.8996 valid_at=10.7886 valid=True | 62.5 min
  [S2 310/320] n=24 corpus_median mm_affine/True tau=0 sig=0.5 w=4 noisy -> FEASIBLE first=2.9346 valid_at=9.1948 valid=True | 63.0 min
  [S2 311/320] n=24 corpus_median mm_affine/True tau=0 sig=0.5 w=4 noisy -> INFEASIBLE first=None valid_at=None valid=None | 63.0 min
  [S2 312/320] n=24 corpus_median mm_affine/True tau=0 sig=0.5 w=4 noisy -> FEASIBLE first=3.0566 valid_at=18.085 valid=True | 63.5 min
  [S2 313/320] n=24 flat_single_aspect mm_affine/True tau=0 sig=0.5 w=4 noisy -> H8_IMPOSSIBLE first=None valid_at=None valid=None | 63.5 min
  [S2 314/320] n=24 flat_single_aspect mm_affine/True tau=0 sig=0.5 w=4 noisy -> H8_IMPOSSIBLE first=None valid_at=None valid=None | 63.5 min
  [S2 315/320] n=24 flat_single_aspect mm_affine/True tau=0 sig=0.5 w=4 noisy -> H8_IMPOSSIBLE first=None valid_at=None valid=None | 63.5 min
  [S2 316/320] n=24 flat_single_aspect mm_affine/True tau=0 sig=0.5 w=4 noisy -> H8_IMPOSSIBLE first=None valid_at=None valid=None | 63.5 min
  [S2 317/320] n=24 flat_single_aspect mm_affine/True tau=0 sig=0.5 w=4 noisy -> H8_IMPOSSIBLE first=None valid_at=None valid=None | 63.5 min
  [S2 318/320] n=24 flat_single_aspect mm_affine/True tau=0 sig=0.5 w=4 noisy -> H8_IMPOSSIBLE first=None valid_at=None valid=None | 63.5 min
  [S2 319/320] n=24 flat_single_aspect mm_affine/True tau=0 sig=0.5 w=4 noisy -> H8_IMPOSSIBLE first=None valid_at=None valid=None | 63.5 min
  [S2 320/320] n=24 flat_single_aspect mm_affine/True tau=0 sig=0.5 w=4 noisy -> H8_IMPOSSIBLE first=None valid_at=None valid=None | 63.5 min
[S2] done in 63.5 min
[S4] 120 rows, 0 done, 120 to run -> C:\Users\tng\g2p\bim-engine\experiments\solver-toy\results\S4_v2.jsonl
  [S4 1/120] n=8 detached mm_affine/True tau=0 sig=0.5 w=4 noisy -> OPTIMAL first=0.105 valid_at=0.1191 valid=True | 0.0 min
  [S4 2/120] n=8 detached mm_affine/True tau=0 sig=0.5 w=4 noisy -> OPTIMAL first=0.1166 valid_at=0.2164 valid=True | 0.0 min
  [S4 3/120] n=8 detached mm_affine/True tau=0 sig=0.5 w=4 noisy -> OPTIMAL first=0.0915 valid_at=0.211 valid=True | 0.1 min
  [S4 4/120] n=8 detached mm_affine/True tau=0 sig=0.5 w=4 noisy -> OPTIMAL first=0.113 valid_at=0.2064 valid=True | 0.1 min
  [S4 5/120] n=8 detached mm_affine/True tau=0 sig=0.5 w=4 noisy -> OPTIMAL first=0.0763 valid_at=0.0801 valid=True | 0.1 min
  [S4 6/120] n=8 detached mm_affine/True tau=1 sig=0.5 w=4 noisy -> OPTIMAL first=0.0997 valid_at=0.1143 valid=True | 0.1 min
  [S4 7/120] n=8 detached mm_affine/True tau=1 sig=0.5 w=4 noisy -> OPTIMAL first=0.1177 valid_at=0.2171 valid=True | 0.1 min
  [S4 8/120] n=8 detached mm_affine/True tau=1 sig=0.5 w=4 noisy -> OPTIMAL first=0.0887 valid_at=0.2071 valid=True | 0.2 min
  [S4 9/120] n=8 detached mm_affine/True tau=1 sig=0.5 w=4 noisy -> OPTIMAL first=0.1122 valid_at=0.2179 valid=True | 0.2 min
  [S4 10/120] n=8 detached mm_affine/True tau=1 sig=0.5 w=4 noisy -> OPTIMAL first=0.0796 valid_at=0.0814 valid=True | 0.2 min
  [S4 11/120] n=8 detached mm_affine/True tau=2 sig=0.5 w=4 noisy -> OPTIMAL first=0.0989 valid_at=0.1134 valid=True | 0.2 min
  [S4 12/120] n=8 detached mm_affine/True tau=2 sig=0.5 w=4 noisy -> OPTIMAL first=0.1195 valid_at=0.3049 valid=True | 0.2 min
  [S4 13/120] n=8 detached mm_affine/True tau=2 sig=0.5 w=4 noisy -> OPTIMAL first=0.094 valid_at=0.3262 valid=True | 0.4 min
  [S4 14/120] n=8 detached mm_affine/True tau=2 sig=0.5 w=4 noisy -> OPTIMAL first=0.1127 valid_at=0.2173 valid=True | 0.4 min
  [S4 15/120] n=8 detached mm_affine/True tau=2 sig=0.5 w=4 noisy -> OPTIMAL first=0.0847 valid_at=0.1014 valid=True | 0.4 min
  [S4 16/120] n=8 detached mm_affine/True tau=4 sig=0.5 w=4 noisy -> OPTIMAL first=0.1329 valid_at=0.2273 valid=True | 0.4 min
  [S4 17/120] n=8 detached mm_affine/True tau=4 sig=0.5 w=4 noisy -> OPTIMAL first=0.1236 valid_at=0.2221 valid=True | 0.4 min
  [S4 18/120] n=8 detached mm_affine/True tau=4 sig=0.5 w=4 noisy -> OPTIMAL first=0.1098 valid_at=0.4984 valid=True | 0.5 min
  [S4 19/120] n=8 detached mm_affine/True tau=4 sig=0.5 w=4 noisy -> OPTIMAL first=0.1288 valid_at=0.5333 valid=True | 0.5 min
  [S4 20/120] n=8 detached mm_affine/True tau=4 sig=0.5 w=4 noisy -> OPTIMAL first=0.0877 valid_at=0.1051 valid=True | 0.6 min
  [S4 21/120] n=8 detached mm_affine/True tau=6 sig=0.5 w=4 noisy -> OPTIMAL first=0.1655 valid_at=0.3406 valid=True | 0.6 min
  [S4 22/120] n=8 detached mm_affine/True tau=6 sig=0.5 w=4 noisy -> OPTIMAL first=0.1312 valid_at=0.2326 valid=True | 0.6 min
  [S4 23/120] n=8 detached mm_affine/True tau=6 sig=0.5 w=4 noisy -> OPTIMAL first=0.1263 valid_at=0.2311 valid=True | 0.8 min
  [S4 24/120] n=8 detached mm_affine/True tau=6 sig=0.5 w=4 noisy -> OPTIMAL first=0.138 valid_at=0.2925 valid=True | 0.8 min
  [S4 25/120] n=8 detached mm_affine/True tau=6 sig=0.5 w=4 noisy -> OPTIMAL first=0.0832 valid_at=0.0995 valid=True | 0.8 min
  [S4 26/120] n=8 detached mm_affine/True tau=10 sig=0.5 w=4 noisy -> OPTIMAL first=0.183 valid_at=0.3063 valid=True | 0.9 min
  [S4 27/120] n=8 detached mm_affine/True tau=10 sig=0.5 w=4 noisy -> OPTIMAL first=0.1773 valid_at=0.2981 valid=True | 1.0 min
  [S4 28/120] n=8 detached mm_affine/True tau=10 sig=0.5 w=4 noisy -> FEASIBLE first=0.2077 valid_at=0.3152 valid=True | 1.5 min
  [S4 29/120] n=8 detached mm_affine/True tau=10 sig=0.5 w=4 noisy -> OPTIMAL first=0.1793 valid_at=0.1848 valid=True | 1.6 min
  [S4 30/120] n=8 detached mm_affine/True tau=10 sig=0.5 w=4 noisy -> OPTIMAL first=0.1212 valid_at=0.1458 valid=True | 1.7 min
  [S4 31/120] n=8 corpus_median mm_affine/True tau=0 sig=0.5 w=4 noisy -> OPTIMAL first=0.0955 valid_at=0.1168 valid=True | 1.7 min
  [S4 32/120] n=8 corpus_median mm_affine/True tau=0 sig=0.5 w=4 noisy -> OPTIMAL first=0.1115 valid_at=0.1151 valid=True | 1.7 min
  [S4 33/120] n=8 corpus_median mm_affine/True tau=0 sig=0.5 w=4 noisy -> OPTIMAL first=0.1102 valid_at=0.794 valid=True | 1.9 min
  [S4 34/120] n=8 corpus_median mm_affine/True tau=0 sig=0.5 w=4 noisy -> OPTIMAL first=0.0938 valid_at=0.1232 valid=True | 2.0 min
  [S4 35/120] n=8 corpus_median mm_affine/True tau=0 sig=0.5 w=4 noisy -> OPTIMAL first=0.1025 valid_at=0.8423 valid=True | 2.0 min
  [S4 36/120] n=8 corpus_median mm_affine/True tau=1 sig=0.5 w=4 noisy -> OPTIMAL first=0.0948 valid_at=0.1162 valid=True | 2.0 min
  [S4 37/120] n=8 corpus_median mm_affine/True tau=1 sig=0.5 w=4 noisy -> OPTIMAL first=0.1105 valid_at=0.1144 valid=True | 2.0 min
  [S4 38/120] n=8 corpus_median mm_affine/True tau=1 sig=0.5 w=4 noisy -> OPTIMAL first=0.1099 valid_at=0.6932 valid=True | 2.2 min
  [S4 39/120] n=8 corpus_median mm_affine/True tau=1 sig=0.5 w=4 noisy -> OPTIMAL first=0.0904 valid_at=0.123 valid=True | 2.3 min
  [S4 40/120] n=8 corpus_median mm_affine/True tau=1 sig=0.5 w=4 noisy -> OPTIMAL first=0.09 valid_at=0.9248 valid=True | 2.3 min
  [S4 41/120] n=8 corpus_median mm_affine/True tau=2 sig=0.5 w=4 noisy -> OPTIMAL first=0.0956 valid_at=0.1169 valid=True | 2.3 min
  [S4 42/120] n=8 corpus_median mm_affine/True tau=2 sig=0.5 w=4 noisy -> OPTIMAL first=0.1116 valid_at=0.1154 valid=True | 2.3 min
  [S4 43/120] n=8 corpus_median mm_affine/True tau=2 sig=0.5 w=4 noisy -> OPTIMAL first=0.1315 valid_at=0.2346 valid=True | 2.7 min
  [S4 44/120] n=8 corpus_median mm_affine/True tau=2 sig=0.5 w=4 noisy -> OPTIMAL first=0.0924 valid_at=0.1301 valid=True | 2.8 min
  [S4 45/120] n=8 corpus_median mm_affine/True tau=2 sig=0.5 w=4 noisy -> OPTIMAL first=0.1057 valid_at=0.1549 valid=True | 2.9 min
  [S4 46/120] n=8 corpus_median mm_affine/True tau=4 sig=0.5 w=4 noisy -> OPTIMAL first=0.1144 valid_at=0.1906 valid=True | 2.9 min
  [S4 47/120] n=8 corpus_median mm_affine/True tau=4 sig=0.5 w=4 noisy -> OPTIMAL first=0.1215 valid_at=0.1793 valid=True | 3.0 min
  [S4 48/120] n=8 corpus_median mm_affine/True tau=4 sig=0.5 w=4 noisy -> FEASIBLE first=0.1306 valid_at=0.2181 valid=True | 3.5 min
  [S4 49/120] n=8 corpus_median mm_affine/True tau=4 sig=0.5 w=4 noisy -> OPTIMAL first=0.0984 valid_at=0.1402 valid=True | 3.6 min
  [S4 50/120] n=8 corpus_median mm_affine/True tau=4 sig=0.5 w=4 noisy -> OPTIMAL first=0.1209 valid_at=0.2166 valid=True | 3.7 min
  [S4 51/120] n=8 corpus_median mm_affine/True tau=6 sig=0.5 w=4 noisy -> OPTIMAL first=0.1396 valid_at=0.1436 valid=True | 3.7 min
  [S4 52/120] n=8 corpus_median mm_affine/True tau=6 sig=0.5 w=4 noisy -> OPTIMAL first=0.1294 valid_at=0.2495 valid=True | 3.9 min
  [S4 53/120] n=8 corpus_median mm_affine/True tau=6 sig=0.5 w=4 noisy -> FEASIBLE first=0.1438 valid_at=0.2623 valid=True | 4.4 min
  [S4 54/120] n=8 corpus_median mm_affine/True tau=6 sig=0.5 w=4 noisy -> OPTIMAL first=0.1154 valid_at=0.1213 valid=True | 4.5 min
  [S4 55/120] n=8 corpus_median mm_affine/True tau=6 sig=0.5 w=4 noisy -> OPTIMAL first=0.1287 valid_at=0.2572 valid=True | 4.5 min
  [S4 56/120] n=8 corpus_median mm_affine/True tau=10 sig=0.5 w=4 noisy -> OPTIMAL first=0.1417 valid_at=0.4482 valid=True | 4.6 min
  [S4 57/120] n=8 corpus_median mm_affine/True tau=10 sig=0.5 w=4 noisy -> FEASIBLE first=0.1324 valid_at=0.2575 valid=True | 5.1 min
  [S4 58/120] n=8 corpus_median mm_affine/True tau=10 sig=0.5 w=4 noisy -> FEASIBLE first=0.168 valid_at=0.309 valid=True | 5.6 min
  [S4 59/120] n=8 corpus_median mm_affine/True tau=10 sig=0.5 w=4 noisy -> OPTIMAL first=0.1362 valid_at=0.2374 valid=True | 5.8 min
  [S4 60/120] n=8 corpus_median mm_affine/True tau=10 sig=0.5 w=4 noisy -> OPTIMAL first=0.1393 valid_at=0.223 valid=True | 5.9 min
  [S4 61/120] n=24 detached mm_affine/True tau=0 sig=0.5 w=4 noisy -> FEASIBLE first=3.1148 valid_at=None valid=False | 6.4 min
  [S4 62/120] n=24 detached mm_affine/True tau=0 sig=0.5 w=4 noisy -> FEASIBLE first=2.4077 valid_at=None valid=False | 6.9 min
  [S4 63/120] n=24 detached mm_affine/True tau=0 sig=0.5 w=4 noisy -> FEASIBLE first=1.5945 valid_at=5.8103 valid=True | 7.4 min
  [S4 64/120] n=24 detached mm_affine/True tau=0 sig=0.5 w=4 noisy -> FEASIBLE first=4.6324 valid_at=25.8671 valid=True | 7.9 min
  [S4 65/120] n=24 detached mm_affine/True tau=0 sig=0.5 w=4 noisy -> FEASIBLE first=2.7215 valid_at=12.5268 valid=True | 8.4 min
  [S4 66/120] n=24 detached mm_affine/True tau=1 sig=0.5 w=4 noisy -> FEASIBLE first=3.2398 valid_at=8.3883 valid=True | 8.9 min
  [S4 67/120] n=24 detached mm_affine/True tau=1 sig=0.5 w=4 noisy -> FEASIBLE first=2.8342 valid_at=None valid=False | 9.4 min
  [S4 68/120] n=24 detached mm_affine/True tau=1 sig=0.5 w=4 noisy -> FEASIBLE first=1.7022 valid_at=3.6075 valid=True | 10.0 min
  [S4 69/120] n=24 detached mm_affine/True tau=1 sig=0.5 w=4 noisy -> FEASIBLE first=5.1627 valid_at=14.6075 valid=True | 10.5 min
  [S4 70/120] n=24 detached mm_affine/True tau=1 sig=0.5 w=4 noisy -> FEASIBLE first=2.8007 valid_at=9.617 valid=True | 11.0 min
  [S4 71/120] n=24 detached mm_affine/True tau=2 sig=0.5 w=4 noisy -> FEASIBLE first=3.4668 valid_at=13.8817 valid=True | 11.5 min
  [S4 72/120] n=24 detached mm_affine/True tau=2 sig=0.5 w=4 noisy -> FEASIBLE first=2.3824 valid_at=7.995 valid=True | 12.0 min
  [S4 73/120] n=24 detached mm_affine/True tau=2 sig=0.5 w=4 noisy -> FEASIBLE first=1.8425 valid_at=10.6166 valid=True | 12.5 min
  [S4 74/120] n=24 detached mm_affine/True tau=2 sig=0.5 w=4 noisy -> FEASIBLE first=5.4859 valid_at=None valid=False | 13.0 min
  [S4 75/120] n=24 detached mm_affine/True tau=2 sig=0.5 w=4 noisy -> FEASIBLE first=3.5308 valid_at=12.9855 valid=True | 13.5 min
  [S4 76/120] n=24 detached mm_affine/True tau=4 sig=0.5 w=4 noisy -> FEASIBLE first=4.3522 valid_at=6.4738 valid=True | 14.0 min
  [S4 77/120] n=24 detached mm_affine/True tau=4 sig=0.5 w=4 noisy -> FEASIBLE first=4.6067 valid_at=None valid=False | 14.5 min
  [S4 78/120] n=24 detached mm_affine/True tau=4 sig=0.5 w=4 noisy -> FEASIBLE first=2.4749 valid_at=16.1364 valid=True | 15.0 min
  [S4 79/120] n=24 detached mm_affine/True tau=4 sig=0.5 w=4 noisy -> FEASIBLE first=6.247 valid_at=None valid=False | 15.5 min
  [S4 80/120] n=24 detached mm_affine/True tau=4 sig=0.5 w=4 noisy -> FEASIBLE first=3.4593 valid_at=None valid=False | 16.0 min
  [S4 81/120] n=24 detached mm_affine/True tau=6 sig=0.5 w=4 noisy -> FEASIBLE first=4.6818 valid_at=10.1145 valid=True | 16.5 min
  [S4 82/120] n=24 detached mm_affine/True tau=6 sig=0.5 w=4 noisy -> FEASIBLE first=3.6937 valid_at=25.165 valid=True | 17.0 min
  [S4 83/120] n=24 detached mm_affine/True tau=6 sig=0.5 w=4 noisy -> FEASIBLE first=3.3014 valid_at=22.681 valid=True | 17.5 min
  [S4 84/120] n=24 detached mm_affine/True tau=6 sig=0.5 w=4 noisy -> FEASIBLE first=14.403 valid_at=22.8657 valid=True | 18.0 min
  [S4 85/120] n=24 detached mm_affine/True tau=6 sig=0.5 w=4 noisy -> FEASIBLE first=4.9549 valid_at=10.4595 valid=True | 18.5 min
  [S4 86/120] n=24 detached mm_affine/True tau=10 sig=0.5 w=4 noisy -> FEASIBLE first=4.9972 valid_at=18.367 valid=True | 19.0 min
  [S4 87/120] n=24 detached mm_affine/True tau=10 sig=0.5 w=4 noisy -> FEASIBLE first=5.825 valid_at=28.0606 valid=True | 19.6 min
  [S4 88/120] n=24 detached mm_affine/True tau=10 sig=0.5 w=4 noisy -> FEASIBLE first=4.1636 valid_at=27.2383 valid=True | 20.1 min
  [S4 89/120] n=24 detached mm_affine/True tau=10 sig=0.5 w=4 noisy -> FEASIBLE first=10.9224 valid_at=None valid=False | 20.6 min
  [S4 90/120] n=24 detached mm_affine/True tau=10 sig=0.5 w=4 noisy -> FEASIBLE first=14.0674 valid_at=None valid=False | 21.1 min
  [S4 91/120] n=24 corpus_median mm_affine/True tau=0 sig=0.5 w=4 noisy -> FEASIBLE first=3.1887 valid_at=13.7877 valid=True | 21.6 min
  [S4 92/120] n=24 corpus_median mm_affine/True tau=0 sig=0.5 w=4 noisy -> FEASIBLE first=4.3722 valid_at=None valid=False | 22.1 min
  [S4 93/120] n=24 corpus_median mm_affine/True tau=0 sig=0.5 w=4 noisy -> FEASIBLE first=2.4054 valid_at=11.1069 valid=True | 22.6 min
  [S4 94/120] n=24 corpus_median mm_affine/True tau=0 sig=0.5 w=4 noisy -> INFEASIBLE first=None valid_at=None valid=None | 22.6 min
  [S4 95/120] n=24 corpus_median mm_affine/True tau=0 sig=0.5 w=4 noisy -> FEASIBLE first=1.8863 valid_at=10.5739 valid=True | 23.1 min
  [S4 96/120] n=24 corpus_median mm_affine/True tau=1 sig=0.5 w=4 noisy -> FEASIBLE first=3.2953 valid_at=9.6843 valid=True | 23.6 min
  [S4 97/120] n=24 corpus_median mm_affine/True tau=1 sig=0.5 w=4 noisy -> FEASIBLE first=3.3517 valid_at=None valid=False | 24.1 min
  [S4 98/120] n=24 corpus_median mm_affine/True tau=1 sig=0.5 w=4 noisy -> FEASIBLE first=3.3805 valid_at=7.5033 valid=True | 24.6 min
  [S4 99/120] n=24 corpus_median mm_affine/True tau=1 sig=0.5 w=4 noisy -> INFEASIBLE first=None valid_at=None valid=None | 24.6 min
  [S4 100/120] n=24 corpus_median mm_affine/True tau=1 sig=0.5 w=4 noisy -> FEASIBLE first=1.8782 valid_at=3.5459 valid=True | 25.1 min
  [S4 101/120] n=24 corpus_median mm_affine/True tau=2 sig=0.5 w=4 noisy -> FEASIBLE first=3.477 valid_at=16.7755 valid=True | 25.6 min
  [S4 102/120] n=24 corpus_median mm_affine/True tau=2 sig=0.5 w=4 noisy -> FEASIBLE first=3.536 valid_at=13.0188 valid=True | 26.2 min
  [S4 103/120] n=24 corpus_median mm_affine/True tau=2 sig=0.5 w=4 noisy -> FEASIBLE first=2.6569 valid_at=9.0529 valid=True | 26.7 min
  [S4 104/120] n=24 corpus_median mm_affine/True tau=2 sig=0.5 w=4 noisy -> INFEASIBLE first=None valid_at=None valid=None | 26.7 min
  [S4 105/120] n=24 corpus_median mm_affine/True tau=2 sig=0.5 w=4 noisy -> FEASIBLE first=2.7837 valid_at=18.48 valid=True | 27.2 min
  [S4 106/120] n=24 corpus_median mm_affine/True tau=4 sig=0.5 w=4 noisy -> FEASIBLE first=5.8114 valid_at=15.8988 valid=True | 27.7 min
  [S4 107/120] n=24 corpus_median mm_affine/True tau=4 sig=0.5 w=4 noisy -> FEASIBLE first=4.0501 valid_at=17.7958 valid=True | 28.2 min
  [S4 108/120] n=24 corpus_median mm_affine/True tau=4 sig=0.5 w=4 noisy -> FEASIBLE first=2.8862 valid_at=14.9457 valid=True | 28.7 min
  [S4 109/120] n=24 corpus_median mm_affine/True tau=4 sig=0.5 w=4 noisy -> INFEASIBLE first=None valid_at=None valid=None | 28.7 min
  [S4 110/120] n=24 corpus_median mm_affine/True tau=4 sig=0.5 w=4 noisy -> FEASIBLE first=2.6699 valid_at=11.6382 valid=True | 29.2 min
  [S4 111/120] n=24 corpus_median mm_affine/True tau=6 sig=0.5 w=4 noisy -> FEASIBLE first=5.5675 valid_at=13.6154 valid=True | 29.7 min
  [S4 112/120] n=24 corpus_median mm_affine/True tau=6 sig=0.5 w=4 noisy -> FEASIBLE first=5.388 valid_at=None valid=False | 30.2 min
  [S4 113/120] n=24 corpus_median mm_affine/True tau=6 sig=0.5 w=4 noisy -> FEASIBLE first=7.9283 valid_at=22.2522 valid=True | 30.7 min
  [S4 114/120] n=24 corpus_median mm_affine/True tau=6 sig=0.5 w=4 noisy -> FEASIBLE first=8.0326 valid_at=None valid=False | 31.2 min
  [S4 115/120] n=24 corpus_median mm_affine/True tau=6 sig=0.5 w=4 noisy -> FEASIBLE first=19.9456 valid_at=None valid=False | 31.7 min
  [S4 116/120] n=24 corpus_median mm_affine/True tau=10 sig=0.5 w=4 noisy -> FEASIBLE first=5.4083 valid_at=15.5545 valid=True | 32.3 min
  [S4 117/120] n=24 corpus_median mm_affine/True tau=10 sig=0.5 w=4 noisy -> FEASIBLE first=28.2161 valid_at=None valid=False | 32.8 min
  [S4 118/120] n=24 corpus_median mm_affine/True tau=10 sig=0.5 w=4 noisy -> FEASIBLE first=7.2706 valid_at=21.2222 valid=True | 33.3 min
  [S4 119/120] n=24 corpus_median mm_affine/True tau=10 sig=0.5 w=4 noisy -> FEASIBLE first=13.9066 valid_at=21.6899 valid=True | 33.8 min
  [S4 120/120] n=24 corpus_median mm_affine/True tau=10 sig=0.5 w=4 noisy -> FEASIBLE first=8.9049 valid_at=23.4047 valid=True | 34.3 min
[S4] done in 34.3 min
[S8] 192 rows, 0 done, 192 to run -> C:\Users\tng\g2p\bim-engine\experiments\solver-toy\results\S8_v2.jsonl
  [S8 1/192] n=8 corpus_median mm_affine/True tau=0 sig=0.5 w=4 noisy -> OPTIMAL first=0.0964 valid_at=0.1197 valid=True | 0.0 min
  [S8 2/192] n=8 corpus_median mm_affine/True tau=0 sig=0.5 w=4 noisy -> OPTIMAL first=0.1104 valid_at=0.1142 valid=True | 0.0 min
  [S8 3/192] n=8 corpus_median mm_affine/True tau=0 sig=0.5 w=4 noisy -> OPTIMAL first=0.112 valid_at=0.8412 valid=True | 0.2 min
  [S8 4/192] n=8 corpus_median mm_affine/True tau=0 sig=0.5 w=4 noisy -> OPTIMAL first=0.0919 valid_at=0.122 valid=True | 0.3 min
  [S8 5/192] n=8 corpus_median mm_affine/True tau=2 sig=0.5 w=4 noisy -> OPTIMAL first=0.0946 valid_at=0.1169 valid=True | 0.3 min
  [S8 6/192] n=8 corpus_median mm_affine/True tau=2 sig=0.5 w=4 noisy -> OPTIMAL first=0.1132 valid_at=0.117 valid=True | 0.3 min
  [S8 7/192] n=8 corpus_median mm_affine/True tau=2 sig=0.5 w=4 noisy -> OPTIMAL first=0.1318 valid_at=0.2539 valid=True | 0.7 min
  [S8 8/192] n=8 corpus_median mm_affine/True tau=2 sig=0.5 w=4 noisy -> OPTIMAL first=0.0916 valid_at=0.1285 valid=True | 0.8 min
  [S8 9/192] n=8 corpus_median mm_affine/True tau=4 sig=0.5 w=4 noisy -> OPTIMAL first=0.1165 valid_at=0.1933 valid=True | 0.8 min
  [S8 10/192] n=8 corpus_median mm_affine/True tau=4 sig=0.5 w=4 noisy -> OPTIMAL first=0.1221 valid_at=0.225 valid=True | 0.9 min
  [S8 11/192] n=8 corpus_median mm_affine/True tau=4 sig=0.5 w=4 noisy -> FEASIBLE first=0.1327 valid_at=0.2695 valid=True | 1.4 min
  [S8 12/192] n=8 corpus_median mm_affine/True tau=4 sig=0.5 w=4 noisy -> OPTIMAL first=0.0925 valid_at=0.129 valid=True | 1.6 min
  [S8 13/192] n=8 corpus_median mm_affine/True tau=6 sig=0.5 w=4 noisy -> OPTIMAL first=0.135 valid_at=0.1397 valid=True | 1.6 min
  [S8 14/192] n=8 corpus_median mm_affine/True tau=6 sig=0.5 w=4 noisy -> OPTIMAL first=0.1268 valid_at=0.2335 valid=True | 1.7 min
  [S8 15/192] n=8 corpus_median mm_affine/True tau=6 sig=0.5 w=4 noisy -> FEASIBLE first=0.1391 valid_at=0.2578 valid=True | 2.2 min
  [S8 16/192] n=8 corpus_median mm_affine/True tau=6 sig=0.5 w=4 noisy -> OPTIMAL first=0.1061 valid_at=0.1146 valid=True | 2.4 min
  [S8 17/192] n=8 corpus_median mm_affine/True tau=10 sig=0.5 w=4 noisy -> OPTIMAL first=0.1408 valid_at=0.2719 valid=True | 2.5 min
  [S8 18/192] n=8 corpus_median mm_affine/True tau=10 sig=0.5 w=4 noisy -> FEASIBLE first=0.1344 valid_at=0.2386 valid=True | 3.0 min
  [S8 19/192] n=8 corpus_median mm_affine/True tau=10 sig=0.5 w=4 noisy -> FEASIBLE first=0.1665 valid_at=0.3005 valid=True | 3.5 min
  [S8 20/192] n=8 corpus_median mm_affine/True tau=10 sig=0.5 w=4 noisy -> OPTIMAL first=0.1342 valid_at=0.2259 valid=True | 3.7 min
  [S8 21/192] n=8 corpus_median mm_affine/True tau=16 sig=0.5 w=4 noisy -> OPTIMAL first=0.1774 valid_at=0.2775 valid=True | 3.9 min
  [S8 22/192] n=8 corpus_median mm_affine/True tau=16 sig=0.5 w=4 noisy -> FEASIBLE first=0.1585 valid_at=0.1951 valid=True | 4.4 min
  [S8 23/192] n=8 corpus_median mm_affine/True tau=16 sig=0.5 w=4 noisy -> FEASIBLE first=0.199 valid_at=0.3461 valid=True | 4.9 min
  [S8 24/192] n=8 corpus_median mm_affine/True tau=16 sig=0.5 w=4 noisy -> OPTIMAL first=0.1526 valid_at=0.2361 valid=True | 5.3 min
  [S8 25/192] n=8 corpus_median mm_affine/True tau=0 sig=1.0 w=4 noisy -> INFEASIBLE first=None valid_at=None valid=None | 5.3 min
  [S8 26/192] n=8 corpus_median mm_affine/True tau=0 sig=1.0 w=4 noisy -> OPTIMAL first=0.0413 valid_at=None valid=False | 5.3 min
  [S8 27/192] n=8 corpus_median mm_affine/True tau=0 sig=1.0 w=4 noisy -> OPTIMAL first=0.0923 valid_at=0.0923 valid=True | 5.4 min
  [S8 28/192] n=8 corpus_median mm_affine/True tau=0 sig=1.0 w=4 noisy -> INFEASIBLE first=None valid_at=None valid=None | 5.4 min
  [S8 29/192] n=8 corpus_median mm_affine/True tau=2 sig=1.0 w=4 noisy -> OPTIMAL first=0.1138 valid_at=0.125 valid=True | 5.4 min
  [S8 30/192] n=8 corpus_median mm_affine/True tau=2 sig=1.0 w=4 noisy -> OPTIMAL first=0.0403 valid_at=None valid=False | 5.4 min
  [S8 31/192] n=8 corpus_median mm_affine/True tau=2 sig=1.0 w=4 noisy -> FEASIBLE first=0.1039 valid_at=0.7131 valid=True | 5.9 min
  [S8 32/192] n=8 corpus_median mm_affine/True tau=2 sig=1.0 w=4 noisy -> INFEASIBLE first=None valid_at=None valid=None | 5.9 min
  [S8 33/192] n=8 corpus_median mm_affine/True tau=4 sig=1.0 w=4 noisy -> OPTIMAL first=0.1134 valid_at=0.1247 valid=True | 5.9 min
  [S8 34/192] n=8 corpus_median mm_affine/True tau=4 sig=1.0 w=4 noisy -> OPTIMAL first=0.0407 valid_at=None valid=False | 5.9 min
  [S8 35/192] n=8 corpus_median mm_affine/True tau=4 sig=1.0 w=4 noisy -> FEASIBLE first=0.1116 valid_at=0.6746 valid=True | 6.4 min
  [S8 36/192] n=8 corpus_median mm_affine/True tau=4 sig=1.0 w=4 noisy -> OPTIMAL first=0.1419 valid_at=0.1434 valid=True | 6.5 min
  [S8 37/192] n=8 corpus_median mm_affine/True tau=6 sig=1.0 w=4 noisy -> OPTIMAL first=0.1201 valid_at=0.1679 valid=True | 6.5 min
  [S8 38/192] n=8 corpus_median mm_affine/True tau=6 sig=1.0 w=4 noisy -> OPTIMAL first=0.052 valid_at=None valid=False | 6.5 min
  [S8 39/192] n=8 corpus_median mm_affine/True tau=6 sig=1.0 w=4 noisy -> FEASIBLE first=0.1447 valid_at=0.5222 valid=True | 7.0 min
  [S8 40/192] n=8 corpus_median mm_affine/True tau=6 sig=1.0 w=4 noisy -> OPTIMAL first=0.1564 valid_at=0.2826 valid=True | 7.1 min
  [S8 41/192] n=8 corpus_median mm_affine/True tau=10 sig=1.0 w=4 noisy -> OPTIMAL first=0.1665 valid_at=0.27 valid=True | 7.3 min
  [S8 42/192] n=8 corpus_median mm_affine/True tau=10 sig=1.0 w=4 noisy -> FEASIBLE first=0.1358 valid_at=0.2466 valid=True | 7.8 min
  [S8 43/192] n=8 corpus_median mm_affine/True tau=10 sig=1.0 w=4 noisy -> FEASIBLE first=0.1608 valid_at=0.1643 valid=True | 8.3 min
  [S8 44/192] n=8 corpus_median mm_affine/True tau=10 sig=1.0 w=4 noisy -> FEASIBLE first=0.1835 valid_at=0.3024 valid=True | 8.8 min
  [S8 45/192] n=8 corpus_median mm_affine/True tau=16 sig=1.0 w=4 noisy -> FEASIBLE first=0.2458 valid_at=0.4319 valid=True | 9.3 min
  [S8 46/192] n=8 corpus_median mm_affine/True tau=16 sig=1.0 w=4 noisy -> FEASIBLE first=0.1547 valid_at=0.3204 valid=True | 9.8 min
  [S8 47/192] n=8 corpus_median mm_affine/True tau=16 sig=1.0 w=4 noisy -> FEASIBLE first=0.155 valid_at=0.9167 valid=True | 10.3 min
  [S8 48/192] n=8 corpus_median mm_affine/True tau=16 sig=1.0 w=4 noisy -> FEASIBLE first=0.1826 valid_at=0.4729 valid=True | 10.8 min
  [S8 49/192] n=8 corpus_median mm_affine/True tau=0 sig=2.0 w=4 noisy -> INFEASIBLE first=None valid_at=None valid=None | 10.8 min
  [S8 50/192] n=8 corpus_median mm_affine/True tau=0 sig=2.0 w=4 noisy -> OPTIMAL first=0.1001 valid_at=0.1131 valid=True | 10.8 min
  [S8 51/192] n=8 corpus_median mm_affine/True tau=0 sig=2.0 w=4 noisy -> INFEASIBLE first=None valid_at=None valid=None | 10.8 min
  [S8 52/192] n=8 corpus_median mm_affine/True tau=0 sig=2.0 w=4 noisy -> INFEASIBLE first=None valid_at=None valid=None | 10.8 min
  [S8 53/192] n=8 corpus_median mm_affine/True tau=2 sig=2.0 w=4 noisy -> INFEASIBLE first=None valid_at=None valid=None | 10.8 min
  [S8 54/192] n=8 corpus_median mm_affine/True tau=2 sig=2.0 w=4 noisy -> OPTIMAL first=0.1082 valid_at=0.1139 valid=True | 10.8 min
  [S8 55/192] n=8 corpus_median mm_affine/True tau=2 sig=2.0 w=4 noisy -> OPTIMAL first=0.1308 valid_at=0.3194 valid=True | 10.8 min
  [S8 56/192] n=8 corpus_median mm_affine/True tau=2 sig=2.0 w=4 noisy -> INFEASIBLE first=None valid_at=None valid=None | 10.8 min
  [S8 57/192] n=8 corpus_median mm_affine/True tau=4 sig=2.0 w=4 noisy -> INFEASIBLE first=None valid_at=None valid=None | 10.8 min
  [S8 58/192] n=8 corpus_median mm_affine/True tau=4 sig=2.0 w=4 noisy -> OPTIMAL first=0.117 valid_at=0.1517 valid=True | 10.8 min
  [S8 59/192] n=8 corpus_median mm_affine/True tau=4 sig=2.0 w=4 noisy -> OPTIMAL first=0.1573 valid_at=0.2624 valid=True | 11.2 min
  [S8 60/192] n=8 corpus_median mm_affine/True tau=4 sig=2.0 w=4 noisy -> INFEASIBLE first=None valid_at=None valid=None | 11.2 min
  [S8 61/192] n=8 corpus_median mm_affine/True tau=6 sig=2.0 w=4 noisy -> INFEASIBLE first=None valid_at=None valid=None | 11.2 min
  [S8 62/192] n=8 corpus_median mm_affine/True tau=6 sig=2.0 w=4 noisy -> OPTIMAL first=0.1251 valid_at=0.1783 valid=True | 11.2 min
  [S8 63/192] n=8 corpus_median mm_affine/True tau=6 sig=2.0 w=4 noisy -> OPTIMAL first=0.1567 valid_at=0.2362 valid=True | 11.6 min
  [S8 64/192] n=8 corpus_median mm_affine/True tau=6 sig=2.0 w=4 noisy -> INFEASIBLE first=None valid_at=None valid=None | 11.6 min
  [S8 65/192] n=8 corpus_median mm_affine/True tau=10 sig=2.0 w=4 noisy -> INFEASIBLE first=None valid_at=None valid=None | 11.6 min
  [S8 66/192] n=8 corpus_median mm_affine/True tau=10 sig=2.0 w=4 noisy -> OPTIMAL first=0.124 valid_at=0.1405 valid=True | 11.6 min
  [S8 67/192] n=8 corpus_median mm_affine/True tau=10 sig=2.0 w=4 noisy -> FEASIBLE first=0.1588 valid_at=0.2675 valid=True | 12.1 min
  [S8 68/192] n=8 corpus_median mm_affine/True tau=10 sig=2.0 w=4 noisy -> INFEASIBLE first=None valid_at=None valid=None | 12.1 min
  [S8 69/192] n=8 corpus_median mm_affine/True tau=16 sig=2.0 w=4 noisy -> FEASIBLE first=0.2054 valid_at=0.329 valid=True | 12.6 min
  [S8 70/192] n=8 corpus_median mm_affine/True tau=16 sig=2.0 w=4 noisy -> OPTIMAL first=0.1454 valid_at=0.1517 valid=True | 12.6 min
  [S8 71/192] n=8 corpus_median mm_affine/True tau=16 sig=2.0 w=4 noisy -> FEASIBLE first=0.2163 valid_at=0.3785 valid=True | 13.1 min
  [S8 72/192] n=8 corpus_median mm_affine/True tau=16 sig=2.0 w=4 noisy -> OPTIMAL first=0.1981 valid_at=0.3503 valid=True | 13.1 min
  [S8 73/192] n=8 corpus_median mm_affine/True tau=0 sig=4.0 w=4 noisy -> INFEASIBLE first=None valid_at=None valid=None | 13.1 min
  [S8 74/192] n=8 corpus_median mm_affine/True tau=0 sig=4.0 w=4 noisy -> INFEASIBLE first=None valid_at=None valid=None | 13.1 min
  [S8 75/192] n=8 corpus_median mm_affine/True tau=0 sig=4.0 w=4 noisy -> INFEASIBLE first=None valid_at=None valid=None | 13.2 min
  [S8 76/192] n=8 corpus_median mm_affine/True tau=0 sig=4.0 w=4 noisy -> INFEASIBLE first=None valid_at=None valid=None | 13.2 min
  [S8 77/192] n=8 corpus_median mm_affine/True tau=2 sig=4.0 w=4 noisy -> INFEASIBLE first=None valid_at=None valid=None | 13.2 min
  [S8 78/192] n=8 corpus_median mm_affine/True tau=2 sig=4.0 w=4 noisy -> INFEASIBLE first=None valid_at=None valid=None | 13.2 min
  [S8 79/192] n=8 corpus_median mm_affine/True tau=2 sig=4.0 w=4 noisy -> INFEASIBLE first=None valid_at=None valid=None | 13.2 min
  [S8 80/192] n=8 corpus_median mm_affine/True tau=2 sig=4.0 w=4 noisy -> INFEASIBLE first=None valid_at=None valid=None | 13.2 min
  [S8 81/192] n=8 corpus_median mm_affine/True tau=4 sig=4.0 w=4 noisy -> INFEASIBLE first=None valid_at=None valid=None | 13.2 min
  [S8 82/192] n=8 corpus_median mm_affine/True tau=4 sig=4.0 w=4 noisy -> INFEASIBLE first=None valid_at=None valid=None | 13.2 min
  [S8 83/192] n=8 corpus_median mm_affine/True tau=4 sig=4.0 w=4 noisy -> INFEASIBLE first=None valid_at=None valid=None | 13.2 min
  [S8 84/192] n=8 corpus_median mm_affine/True tau=4 sig=4.0 w=4 noisy -> INFEASIBLE first=None valid_at=None valid=None | 13.2 min
  [S8 85/192] n=8 corpus_median mm_affine/True tau=6 sig=4.0 w=4 noisy -> INFEASIBLE first=None valid_at=None valid=None | 13.2 min
  [S8 86/192] n=8 corpus_median mm_affine/True tau=6 sig=4.0 w=4 noisy -> INFEASIBLE first=None valid_at=None valid=None | 13.2 min
  [S8 87/192] n=8 corpus_median mm_affine/True tau=6 sig=4.0 w=4 noisy -> OPTIMAL first=0.2111 valid_at=0.2111 valid=True | 13.4 min
  [S8 88/192] n=8 corpus_median mm_affine/True tau=6 sig=4.0 w=4 noisy -> INFEASIBLE first=None valid_at=None valid=None | 13.4 min
  [S8 89/192] n=8 corpus_median mm_affine/True tau=10 sig=4.0 w=4 noisy -> INFEASIBLE first=None valid_at=None valid=None | 13.4 min
  [S8 90/192] n=8 corpus_median mm_affine/True tau=10 sig=4.0 w=4 noisy -> OPTIMAL first=0.1183 valid_at=0.2272 valid=True | 13.4 min
  [S8 91/192] n=8 corpus_median mm_affine/True tau=10 sig=4.0 w=4 noisy -> FEASIBLE first=0.2359 valid_at=0.3211 valid=True | 13.9 min
  [S8 92/192] n=8 corpus_median mm_affine/True tau=10 sig=4.0 w=4 noisy -> INFEASIBLE first=None valid_at=None valid=None | 13.9 min
  [S8 93/192] n=8 corpus_median mm_affine/True tau=16 sig=4.0 w=4 noisy -> INFEASIBLE first=None valid_at=None valid=None | 13.9 min
  [S8 94/192] n=8 corpus_median mm_affine/True tau=16 sig=4.0 w=4 noisy -> OPTIMAL first=0.1421 valid_at=0.2508 valid=True | 13.9 min
  [S8 95/192] n=8 corpus_median mm_affine/True tau=16 sig=4.0 w=4 noisy -> FEASIBLE first=0.2187 valid_at=0.2252 valid=True | 14.4 min
  [S8 96/192] n=8 corpus_median mm_affine/True tau=16 sig=4.0 w=4 noisy -> INFEASIBLE first=None valid_at=None valid=None | 14.4 min
  [S8 97/192] n=24 corpus_median mm_affine/True tau=0 sig=0.5 w=4 noisy -> FEASIBLE first=3.1202 valid_at=8.0638 valid=True | 14.9 min
  [S8 98/192] n=24 corpus_median mm_affine/True tau=0 sig=0.5 w=4 noisy -> FEASIBLE first=4.3758 valid_at=16.4607 valid=True | 15.4 min
  [S8 99/192] n=24 corpus_median mm_affine/True tau=0 sig=0.5 w=4 noisy -> FEASIBLE first=2.4053 valid_at=10.3643 valid=True | 15.9 min
  [S8 100/192] n=24 corpus_median mm_affine/True tau=0 sig=0.5 w=4 noisy -> INFEASIBLE first=None valid_at=None valid=None | 16.0 min
  [S8 101/192] n=24 corpus_median mm_affine/True tau=2 sig=0.5 w=4 noisy -> FEASIBLE first=3.4957 valid_at=16.1569 valid=True | 16.5 min
  [S8 102/192] n=24 corpus_median mm_affine/True tau=2 sig=0.5 w=4 noisy -> FEASIBLE first=3.5067 valid_at=22.597 valid=True | 17.0 min
  [S8 103/192] n=24 corpus_median mm_affine/True tau=2 sig=0.5 w=4 noisy -> FEASIBLE first=2.6415 valid_at=7.695 valid=True | 17.5 min
  [S8 104/192] n=24 corpus_median mm_affine/True tau=2 sig=0.5 w=4 noisy -> INFEASIBLE first=None valid_at=None valid=None | 17.5 min
  [S8 105/192] n=24 corpus_median mm_affine/True tau=4 sig=0.5 w=4 noisy -> FEASIBLE first=5.862 valid_at=14.9635 valid=True | 18.0 min
  [S8 106/192] n=24 corpus_median mm_affine/True tau=4 sig=0.5 w=4 noisy -> FEASIBLE first=3.9911 valid_at=14.6966 valid=True | 18.5 min
  [S8 107/192] n=24 corpus_median mm_affine/True tau=4 sig=0.5 w=4 noisy -> FEASIBLE first=2.885 valid_at=6.5989 valid=True | 19.0 min
  [S8 108/192] n=24 corpus_median mm_affine/True tau=4 sig=0.5 w=4 noisy -> INFEASIBLE first=None valid_at=None valid=None | 19.0 min
  [S8 109/192] n=24 corpus_median mm_affine/True tau=6 sig=0.5 w=4 noisy -> FEASIBLE first=5.2332 valid_at=17.8723 valid=True | 19.5 min
  [S8 110/192] n=24 corpus_median mm_affine/True tau=6 sig=0.5 w=4 noisy -> FEASIBLE first=5.4222 valid_at=21.3365 valid=True | 20.0 min
  [S8 111/192] n=24 corpus_median mm_affine/True tau=6 sig=0.5 w=4 noisy -> FEASIBLE first=7.8944 valid_at=None valid=False | 20.5 min
  [S8 112/192] n=24 corpus_median mm_affine/True tau=6 sig=0.5 w=4 noisy -> FEASIBLE first=11.8563 valid_at=None valid=False | 21.0 min
  [S8 113/192] n=24 corpus_median mm_affine/True tau=10 sig=0.5 w=4 noisy -> FEASIBLE first=7.6021 valid_at=14.6166 valid=True | 21.6 min
  [S8 114/192] n=24 corpus_median mm_affine/True tau=10 sig=0.5 w=4 noisy -> FEASIBLE first=25.037 valid_at=None valid=False | 22.1 min
  [S8 115/192] n=24 corpus_median mm_affine/True tau=10 sig=0.5 w=4 noisy -> FEASIBLE first=16.8575 valid_at=24.5077 valid=True | 22.6 min
  [S8 116/192] n=24 corpus_median mm_affine/True tau=10 sig=0.5 w=4 noisy -> FEASIBLE first=15.024 valid_at=None valid=False | 23.1 min
  [S8 117/192] n=24 corpus_median mm_affine/True tau=16 sig=0.5 w=4 noisy -> FEASIBLE first=9.1416 valid_at=23.983 valid=True | 23.6 min
  [S8 118/192] n=24 corpus_median mm_affine/True tau=16 sig=0.5 w=4 noisy -> FEASIBLE first=5.3384 valid_at=23.712 valid=True | 24.1 min
  [S8 119/192] n=24 corpus_median mm_affine/True tau=16 sig=0.5 w=4 noisy -> FEASIBLE first=21.0692 valid_at=None valid=False | 24.6 min
  [S8 120/192] n=24 corpus_median mm_affine/True tau=16 sig=0.5 w=4 noisy -> FEASIBLE first=4.5775 valid_at=20.2617 valid=True | 25.1 min
  [S8 121/192] n=24 corpus_median mm_affine/True tau=0 sig=1.0 w=4 noisy -> INFEASIBLE first=None valid_at=None valid=None | 25.1 min
  [S8 122/192] n=24 corpus_median mm_affine/True tau=0 sig=1.0 w=4 noisy -> INFEASIBLE first=None valid_at=None valid=None | 25.1 min
  [S8 123/192] n=24 corpus_median mm_affine/True tau=0 sig=1.0 w=4 noisy -> INFEASIBLE first=None valid_at=None valid=None | 25.2 min
  [S8 124/192] n=24 corpus_median mm_affine/True tau=0 sig=1.0 w=4 noisy -> INFEASIBLE first=None valid_at=None valid=None | 25.2 min
  [S8 125/192] n=24 corpus_median mm_affine/True tau=2 sig=1.0 w=4 noisy -> INFEASIBLE first=None valid_at=None valid=None | 25.2 min
  [S8 126/192] n=24 corpus_median mm_affine/True tau=2 sig=1.0 w=4 noisy -> INFEASIBLE first=None valid_at=None valid=None | 25.2 min
  [S8 127/192] n=24 corpus_median mm_affine/True tau=2 sig=1.0 w=4 noisy -> INFEASIBLE first=None valid_at=None valid=None | 25.2 min
  [S8 128/192] n=24 corpus_median mm_affine/True tau=2 sig=1.0 w=4 noisy -> INFEASIBLE first=None valid_at=None valid=None | 25.2 min
  [S8 129/192] n=24 corpus_median mm_affine/True tau=4 sig=1.0 w=4 noisy -> FEASIBLE first=3.5257 valid_at=None valid=False | 25.7 min
  [S8 130/192] n=24 corpus_median mm_affine/True tau=4 sig=1.0 w=4 noisy -> FEASIBLE first=3.1549 valid_at=None valid=False | 26.2 min
  [S8 131/192] n=24 corpus_median mm_affine/True tau=4 sig=1.0 w=4 noisy -> INFEASIBLE first=None valid_at=None valid=None | 26.3 min
  [S8 132/192] n=24 corpus_median mm_affine/True tau=4 sig=1.0 w=4 noisy -> INFEASIBLE first=None valid_at=None valid=None | 26.3 min
  [S8 133/192] n=24 corpus_median mm_affine/True tau=6 sig=1.0 w=4 noisy -> FEASIBLE first=4.1785 valid_at=None valid=False | 26.8 min
  [S8 134/192] n=24 corpus_median mm_affine/True tau=6 sig=1.0 w=4 noisy -> FEASIBLE first=5.2698 valid_at=10.7157 valid=True | 27.3 min
  [S8 135/192] n=24 corpus_median mm_affine/True tau=6 sig=1.0 w=4 noisy -> FEASIBLE first=14.1941 valid_at=None valid=False | 27.8 min
  [S8 136/192] n=24 corpus_median mm_affine/True tau=6 sig=1.0 w=4 noisy -> INFEASIBLE first=None valid_at=None valid=None | 27.8 min
  [S8 137/192] n=24 corpus_median mm_affine/True tau=10 sig=1.0 w=4 noisy -> FEASIBLE first=6.2115 valid_at=21.8599 valid=True | 28.3 min
  [S8 138/192] n=24 corpus_median mm_affine/True tau=10 sig=1.0 w=4 noisy -> FEASIBLE first=4.8134 valid_at=26.7177 valid=True | 28.8 min
  [S8 139/192] n=24 corpus_median mm_affine/True tau=10 sig=1.0 w=4 noisy -> FEASIBLE first=4.3263 valid_at=None valid=False | 29.3 min
  [S8 140/192] n=24 corpus_median mm_affine/True tau=10 sig=1.0 w=4 noisy -> INFEASIBLE first=None valid_at=None valid=None | 29.3 min
  [S8 141/192] n=24 corpus_median mm_affine/True tau=16 sig=1.0 w=4 noisy -> FEASIBLE first=5.0527 valid_at=None valid=False | 29.8 min
  [S8 142/192] n=24 corpus_median mm_affine/True tau=16 sig=1.0 w=4 noisy -> FEASIBLE first=6.9597 valid_at=24.7957 valid=True | 30.3 min
  [S8 143/192] n=24 corpus_median mm_affine/True tau=16 sig=1.0 w=4 noisy -> FEASIBLE first=4.5612 valid_at=26.7153 valid=True | 30.8 min
  [S8 144/192] n=24 corpus_median mm_affine/True tau=16 sig=1.0 w=4 noisy -> FEASIBLE first=10.0136 valid_at=None valid=False | 31.4 min
  [S8 145/192] n=24 corpus_median mm_affine/True tau=0 sig=2.0 w=4 noisy -> INFEASIBLE first=None valid_at=None valid=None | 31.4 min
  [S8 146/192] n=24 corpus_median mm_affine/True tau=0 sig=2.0 w=4 noisy -> INFEASIBLE first=None valid_at=None valid=None | 31.4 min
  [S8 147/192] n=24 corpus_median mm_affine/True tau=0 sig=2.0 w=4 noisy -> INFEASIBLE first=None valid_at=None valid=None | 31.4 min
  [S8 148/192] n=24 corpus_median mm_affine/True tau=0 sig=2.0 w=4 noisy -> INFEASIBLE first=None valid_at=None valid=None | 31.4 min
  [S8 149/192] n=24 corpus_median mm_affine/True tau=2 sig=2.0 w=4 noisy -> INFEASIBLE first=None valid_at=None valid=None | 31.4 min
  [S8 150/192] n=24 corpus_median mm_affine/True tau=2 sig=2.0 w=4 noisy -> INFEASIBLE first=None valid_at=None valid=None | 31.5 min
  [S8 151/192] n=24 corpus_median mm_affine/True tau=2 sig=2.0 w=4 noisy -> INFEASIBLE first=None valid_at=None valid=None | 31.5 min
  [S8 152/192] n=24 corpus_median mm_affine/True tau=2 sig=2.0 w=4 noisy -> INFEASIBLE first=None valid_at=None valid=None | 31.5 min
  [S8 153/192] n=24 corpus_median mm_affine/True tau=4 sig=2.0 w=4 noisy -> INFEASIBLE first=None valid_at=None valid=None | 31.5 min
  [S8 154/192] n=24 corpus_median mm_affine/True tau=4 sig=2.0 w=4 noisy -> INFEASIBLE first=None valid_at=None valid=None | 31.5 min
  [S8 155/192] n=24 corpus_median mm_affine/True tau=4 sig=2.0 w=4 noisy -> INFEASIBLE first=None valid_at=None valid=None | 31.5 min
  [S8 156/192] n=24 corpus_median mm_affine/True tau=4 sig=2.0 w=4 noisy -> INFEASIBLE first=None valid_at=None valid=None | 31.5 min
  [S8 157/192] n=24 corpus_median mm_affine/True tau=6 sig=2.0 w=4 noisy -> INFEASIBLE first=None valid_at=None valid=None | 31.6 min
  [S8 158/192] n=24 corpus_median mm_affine/True tau=6 sig=2.0 w=4 noisy -> INFEASIBLE first=None valid_at=None valid=None | 31.6 min
  [S8 159/192] n=24 corpus_median mm_affine/True tau=6 sig=2.0 w=4 noisy -> INFEASIBLE first=None valid_at=None valid=None | 31.6 min
  [S8 160/192] n=24 corpus_median mm_affine/True tau=6 sig=2.0 w=4 noisy -> INFEASIBLE first=None valid_at=None valid=None | 31.6 min
  [S8 161/192] n=24 corpus_median mm_affine/True tau=10 sig=2.0 w=4 noisy -> INFEASIBLE first=None valid_at=None valid=None | 31.6 min
  [S8 162/192] n=24 corpus_median mm_affine/True tau=10 sig=2.0 w=4 noisy -> INFEASIBLE first=None valid_at=None valid=None | 31.6 min
  [S8 163/192] n=24 corpus_median mm_affine/True tau=10 sig=2.0 w=4 noisy -> INFEASIBLE first=None valid_at=None valid=None | 31.7 min
  [S8 164/192] n=24 corpus_median mm_affine/True tau=10 sig=2.0 w=4 noisy -> INFEASIBLE first=None valid_at=None valid=None | 31.7 min
  [S8 165/192] n=24 corpus_median mm_affine/True tau=16 sig=2.0 w=4 noisy -> INFEASIBLE first=None valid_at=None valid=None | 31.7 min
  [S8 166/192] n=24 corpus_median mm_affine/True tau=16 sig=2.0 w=4 noisy -> FEASIBLE first=4.9034 valid_at=19.5923 valid=True | 32.2 min
  [S8 167/192] n=24 corpus_median mm_affine/True tau=16 sig=2.0 w=4 noisy -> FEASIBLE first=6.5181 valid_at=24.3743 valid=True | 32.7 min
  [S8 168/192] n=24 corpus_median mm_affine/True tau=16 sig=2.0 w=4 noisy -> INFEASIBLE first=None valid_at=None valid=None | 32.7 min
  [S8 169/192] n=24 corpus_median mm_affine/True tau=0 sig=4.0 w=4 noisy -> INFEASIBLE first=None valid_at=None valid=None | 32.7 min
  [S8 170/192] n=24 corpus_median mm_affine/True tau=0 sig=4.0 w=4 noisy -> INFEASIBLE first=None valid_at=None valid=None | 32.8 min
  [S8 171/192] n=24 corpus_median mm_affine/True tau=0 sig=4.0 w=4 noisy -> INFEASIBLE first=None valid_at=None valid=None | 32.8 min
  [S8 172/192] n=24 corpus_median mm_affine/True tau=0 sig=4.0 w=4 noisy -> INFEASIBLE first=None valid_at=None valid=None | 32.8 min
  [S8 173/192] n=24 corpus_median mm_affine/True tau=2 sig=4.0 w=4 noisy -> INFEASIBLE first=None valid_at=None valid=None | 32.8 min
  [S8 174/192] n=24 corpus_median mm_affine/True tau=2 sig=4.0 w=4 noisy -> INFEASIBLE first=None valid_at=None valid=None | 32.8 min
  [S8 175/192] n=24 corpus_median mm_affine/True tau=2 sig=4.0 w=4 noisy -> INFEASIBLE first=None valid_at=None valid=None | 32.8 min
  [S8 176/192] n=24 corpus_median mm_affine/True tau=2 sig=4.0 w=4 noisy -> INFEASIBLE first=None valid_at=None valid=None | 32.8 min
  [S8 177/192] n=24 corpus_median mm_affine/True tau=4 sig=4.0 w=4 noisy -> INFEASIBLE first=None valid_at=None valid=None | 32.9 min
  [S8 178/192] n=24 corpus_median mm_affine/True tau=4 sig=4.0 w=4 noisy -> INFEASIBLE first=None valid_at=None valid=None | 32.9 min
  [S8 179/192] n=24 corpus_median mm_affine/True tau=4 sig=4.0 w=4 noisy -> INFEASIBLE first=None valid_at=None valid=None | 32.9 min
  [S8 180/192] n=24 corpus_median mm_affine/True tau=4 sig=4.0 w=4 noisy -> INFEASIBLE first=None valid_at=None valid=None | 32.9 min
  [S8 181/192] n=24 corpus_median mm_affine/True tau=6 sig=4.0 w=4 noisy -> INFEASIBLE first=None valid_at=None valid=None | 32.9 min
  [S8 182/192] n=24 corpus_median mm_affine/True tau=6 sig=4.0 w=4 noisy -> INFEASIBLE first=None valid_at=None valid=None | 32.9 min
  [S8 183/192] n=24 corpus_median mm_affine/True tau=6 sig=4.0 w=4 noisy -> INFEASIBLE first=None valid_at=None valid=None | 32.9 min
  [S8 184/192] n=24 corpus_median mm_affine/True tau=6 sig=4.0 w=4 noisy -> INFEASIBLE first=None valid_at=None valid=None | 33.0 min
  [S8 185/192] n=24 corpus_median mm_affine/True tau=10 sig=4.0 w=4 noisy -> INFEASIBLE first=None valid_at=None valid=None | 33.0 min
  [S8 186/192] n=24 corpus_median mm_affine/True tau=10 sig=4.0 w=4 noisy -> INFEASIBLE first=None valid_at=None valid=None | 33.0 min
  [S8 187/192] n=24 corpus_median mm_affine/True tau=10 sig=4.0 w=4 noisy -> INFEASIBLE first=None valid_at=None valid=None | 33.0 min
  [S8 188/192] n=24 corpus_median mm_affine/True tau=10 sig=4.0 w=4 noisy -> INFEASIBLE first=None valid_at=None valid=None | 33.0 min
  [S8 189/192] n=24 corpus_median mm_affine/True tau=16 sig=4.0 w=4 noisy -> INFEASIBLE first=None valid_at=None valid=None | 33.0 min
  [S8 190/192] n=24 corpus_median mm_affine/True tau=16 sig=4.0 w=4 noisy -> INFEASIBLE first=None valid_at=None valid=None | 33.1 min
  [S8 191/192] n=24 corpus_median mm_affine/True tau=16 sig=4.0 w=4 noisy -> INFEASIBLE first=None valid_at=None valid=None | 33.1 min
  [S8 192/192] n=24 corpus_median mm_affine/True tau=16 sig=4.0 w=4 noisy -> INFEASIBLE first=None valid_at=None valid=None | 33.1 min
[S8] done in 33.1 min
[S3] 90 rows, 0 done, 90 to run -> C:\Users\tng\g2p\bim-engine\experiments\solver-toy\results\S3_v2.jsonl
  [S3 1/90] n=8 corpus_median mm_affine/True tau=0 sig=0.0 w=4 noisy -> OPTIMAL first=0.1122 valid_at=0.1122 valid=True | 0.0 min
  [S3 2/90] n=8 corpus_median mm_affine/True tau=0 sig=0.0 w=4 noisy -> OPTIMAL first=0.1118 valid_at=0.1118 valid=True | 0.0 min
  [S3 3/90] n=8 corpus_median mm_affine/True tau=0 sig=0.0 w=4 noisy -> OPTIMAL first=0.088 valid_at=0.088 valid=True | 0.0 min
  [S3 4/90] n=8 corpus_median mm_affine/True tau=0 sig=0.0 w=4 noisy -> OPTIMAL first=0.0909 valid_at=0.0909 valid=True | 0.0 min
  [S3 5/90] n=8 corpus_median mm_affine/True tau=0 sig=0.0 w=4 noisy -> OPTIMAL first=0.0874 valid_at=0.0874 valid=True | 0.0 min
  [S3 6/90] n=8 corpus_median mm_affine/True tau=0 sig=0.25 w=4 noisy -> OPTIMAL first=0.0929 valid_at=0.1542 valid=True | 0.0 min
  [S3 7/90] n=8 corpus_median mm_affine/True tau=0 sig=0.25 w=4 noisy -> OPTIMAL first=0.1097 valid_at=0.2236 valid=True | 0.0 min
  [S3 8/90] n=8 corpus_median mm_affine/True tau=0 sig=0.25 w=4 noisy -> OPTIMAL first=0.0917 valid_at=0.3565 valid=True | 0.0 min
  [S3 9/90] n=8 corpus_median mm_affine/True tau=0 sig=0.25 w=4 noisy -> OPTIMAL first=0.0963 valid_at=0.7414 valid=True | 0.1 min
  [S3 10/90] n=8 corpus_median mm_affine/True tau=0 sig=0.25 w=4 noisy -> OPTIMAL first=0.1055 valid_at=0.1055 valid=True | 0.1 min
  [S3 11/90] n=8 corpus_median mm_affine/True tau=0 sig=0.5 w=4 noisy -> OPTIMAL first=0.0961 valid_at=0.1165 valid=True | 0.1 min
  [S3 12/90] n=8 corpus_median mm_affine/True tau=0 sig=0.5 w=4 noisy -> OPTIMAL first=0.1096 valid_at=0.1134 valid=True | 0.1 min
  [S3 13/90] n=8 corpus_median mm_affine/True tau=0 sig=0.5 w=4 noisy -> OPTIMAL first=0.112 valid_at=1.1597 valid=True | 0.3 min
  [S3 14/90] n=8 corpus_median mm_affine/True tau=0 sig=0.5 w=4 noisy -> OPTIMAL first=0.09 valid_at=0.1193 valid=True | 0.4 min
  [S3 15/90] n=8 corpus_median mm_affine/True tau=0 sig=0.5 w=4 noisy -> OPTIMAL first=0.0902 valid_at=0.2312 valid=True | 0.4 min
  [S3 16/90] n=8 corpus_median mm_affine/True tau=0 sig=1.0 w=4 noisy -> INFEASIBLE first=None valid_at=None valid=None | 0.4 min
  [S3 17/90] n=8 corpus_median mm_affine/True tau=0 sig=1.0 w=4 noisy -> OPTIMAL first=0.0418 valid_at=None valid=False | 0.4 min
  [S3 18/90] n=8 corpus_median mm_affine/True tau=0 sig=1.0 w=4 noisy -> OPTIMAL first=0.0945 valid_at=0.0945 valid=True | 0.5 min
  [S3 19/90] n=8 corpus_median mm_affine/True tau=0 sig=1.0 w=4 noisy -> INFEASIBLE first=None valid_at=None valid=None | 0.5 min
  [S3 20/90] n=8 corpus_median mm_affine/True tau=0 sig=1.0 w=4 noisy -> INFEASIBLE first=None valid_at=None valid=None | 0.5 min
  [S3 21/90] n=8 corpus_median mm_affine/True tau=0 sig=2.0 w=4 noisy -> INFEASIBLE first=None valid_at=None valid=None | 0.5 min
  [S3 22/90] n=8 corpus_median mm_affine/True tau=0 sig=2.0 w=4 noisy -> OPTIMAL first=0.1006 valid_at=0.1132 valid=True | 0.5 min
  [S3 23/90] n=8 corpus_median mm_affine/True tau=0 sig=2.0 w=4 noisy -> INFEASIBLE first=None valid_at=None valid=None | 0.5 min
  [S3 24/90] n=8 corpus_median mm_affine/True tau=0 sig=2.0 w=4 noisy -> INFEASIBLE first=None valid_at=None valid=None | 0.5 min
  [S3 25/90] n=8 corpus_median mm_affine/True tau=0 sig=2.0 w=4 noisy -> INFEASIBLE first=None valid_at=None valid=None | 0.5 min
  [S3 26/90] n=8 corpus_median mm_affine/True tau=0 sig=4.0 w=4 noisy -> INFEASIBLE first=None valid_at=None valid=None | 0.5 min
  [S3 27/90] n=8 corpus_median mm_affine/True tau=0 sig=4.0 w=4 noisy -> INFEASIBLE first=None valid_at=None valid=None | 0.5 min
  [S3 28/90] n=8 corpus_median mm_affine/True tau=0 sig=4.0 w=4 noisy -> INFEASIBLE first=None valid_at=None valid=None | 0.5 min
  [S3 29/90] n=8 corpus_median mm_affine/True tau=0 sig=4.0 w=4 noisy -> INFEASIBLE first=None valid_at=None valid=None | 0.5 min
  [S3 30/90] n=8 corpus_median mm_affine/True tau=0 sig=4.0 w=4 noisy -> INFEASIBLE first=None valid_at=None valid=None | 0.5 min
  [S3 31/90] n=12 corpus_median mm_affine/True tau=0 sig=0.0 w=4 noisy -> OPTIMAL first=0.303 valid_at=0.363 valid=True | 0.5 min
  [S3 32/90] n=12 corpus_median mm_affine/True tau=0 sig=0.0 w=4 noisy -> OPTIMAL first=0.303 valid_at=0.3599 valid=True | 0.5 min
  [S3 33/90] n=12 corpus_median mm_affine/True tau=0 sig=0.0 w=4 noisy -> OPTIMAL first=0.1897 valid_at=0.1897 valid=True | 0.5 min
  [S3 34/90] n=12 corpus_median mm_affine/True tau=0 sig=0.0 w=4 noisy -> OPTIMAL first=0.2545 valid_at=0.2545 valid=True | 0.5 min
  [S3 35/90] n=12 corpus_median mm_affine/True tau=0 sig=0.0 w=4 noisy -> OPTIMAL first=0.2658 valid_at=0.2658 valid=True | 0.5 min
  [S3 36/90] n=12 corpus_median mm_affine/True tau=0 sig=0.25 w=4 noisy -> FEASIBLE first=0.3592 valid_at=2.9683 valid=True | 1.0 min
  [S3 37/90] n=12 corpus_median mm_affine/True tau=0 sig=0.25 w=4 noisy -> OPTIMAL first=0.327 valid_at=0.8611 valid=True | 1.1 min
  [S3 38/90] n=12 corpus_median mm_affine/True tau=0 sig=0.25 w=4 noisy -> OPTIMAL first=0.2529 valid_at=0.3687 valid=True | 1.2 min
  [S3 39/90] n=12 corpus_median mm_affine/True tau=0 sig=0.25 w=4 noisy -> OPTIMAL first=0.2441 valid_at=0.3442 valid=True | 1.3 min
  [S3 40/90] n=12 corpus_median mm_affine/True tau=0 sig=0.25 w=4 noisy -> FEASIBLE first=0.2456 valid_at=0.9718 valid=True | 1.8 min
  [S3 41/90] n=12 corpus_median mm_affine/True tau=0 sig=0.5 w=4 noisy -> INFEASIBLE first=None valid_at=None valid=None | 1.8 min
  [S3 42/90] n=12 corpus_median mm_affine/True tau=0 sig=0.5 w=4 noisy -> FEASIBLE first=0.2895 valid_at=0.5503 valid=True | 2.3 min
  [S3 43/90] n=12 corpus_median mm_affine/True tau=0 sig=0.5 w=4 noisy -> FEASIBLE first=0.2471 valid_at=0.9883 valid=True | 2.8 min
  [S3 44/90] n=12 corpus_median mm_affine/True tau=0 sig=0.5 w=4 noisy -> INFEASIBLE first=None valid_at=None valid=None | 2.8 min
  [S3 45/90] n=12 corpus_median mm_affine/True tau=0 sig=0.5 w=4 noisy -> INFEASIBLE first=None valid_at=None valid=None | 2.8 min
  [S3 46/90] n=12 corpus_median mm_affine/True tau=0 sig=1.0 w=4 noisy -> INFEASIBLE first=None valid_at=None valid=None | 2.8 min
  [S3 47/90] n=12 corpus_median mm_affine/True tau=0 sig=1.0 w=4 noisy -> FEASIBLE first=0.2614 valid_at=0.9567 valid=True | 3.3 min
  [S3 48/90] n=12 corpus_median mm_affine/True tau=0 sig=1.0 w=4 noisy -> INFEASIBLE first=None valid_at=None valid=None | 3.3 min
  [S3 49/90] n=12 corpus_median mm_affine/True tau=0 sig=1.0 w=4 noisy -> INFEASIBLE first=None valid_at=None valid=None | 3.3 min
  [S3 50/90] n=12 corpus_median mm_affine/True tau=0 sig=1.0 w=4 noisy -> INFEASIBLE first=None valid_at=None valid=None | 3.3 min
  [S3 51/90] n=12 corpus_median mm_affine/True tau=0 sig=2.0 w=4 noisy -> INFEASIBLE first=None valid_at=None valid=None | 3.3 min
  [S3 52/90] n=12 corpus_median mm_affine/True tau=0 sig=2.0 w=4 noisy -> INFEASIBLE first=None valid_at=None valid=None | 3.3 min
  [S3 53/90] n=12 corpus_median mm_affine/True tau=0 sig=2.0 w=4 noisy -> INFEASIBLE first=None valid_at=None valid=None | 3.3 min
  [S3 54/90] n=12 corpus_median mm_affine/True tau=0 sig=2.0 w=4 noisy -> INFEASIBLE first=None valid_at=None valid=None | 3.3 min
  [S3 55/90] n=12 corpus_median mm_affine/True tau=0 sig=2.0 w=4 noisy -> INFEASIBLE first=None valid_at=None valid=None | 3.4 min
  [S3 56/90] n=12 corpus_median mm_affine/True tau=0 sig=4.0 w=4 noisy -> INFEASIBLE first=None valid_at=None valid=None | 3.4 min
  [S3 57/90] n=12 corpus_median mm_affine/True tau=0 sig=4.0 w=4 noisy -> INFEASIBLE first=None valid_at=None valid=None | 3.4 min
  [S3 58/90] n=12 corpus_median mm_affine/True tau=0 sig=4.0 w=4 noisy -> INFEASIBLE first=None valid_at=None valid=None | 3.4 min
  [S3 59/90] n=12 corpus_median mm_affine/True tau=0 sig=4.0 w=4 noisy -> INFEASIBLE first=None valid_at=None valid=None | 3.4 min
  [S3 60/90] n=12 corpus_median mm_affine/True tau=0 sig=4.0 w=4 noisy -> INFEASIBLE first=None valid_at=None valid=None | 3.4 min
  [S3 61/90] n=24 corpus_median mm_affine/True tau=0 sig=0.0 w=4 noisy -> OPTIMAL first=2.3003 valid_at=2.3003 valid=True | 3.4 min
  [S3 62/90] n=24 corpus_median mm_affine/True tau=0 sig=0.0 w=4 noisy -> OPTIMAL first=3.2998 valid_at=3.8331 valid=True | 3.5 min
  [S3 63/90] n=24 corpus_median mm_affine/True tau=0 sig=0.0 w=4 noisy -> OPTIMAL first=2.3624 valid_at=2.3624 valid=True | 3.6 min
  [S3 64/90] n=24 corpus_median mm_affine/True tau=0 sig=0.0 w=4 noisy -> OPTIMAL first=3.2863 valid_at=3.2863 valid=True | 3.6 min
  [S3 65/90] n=24 corpus_median mm_affine/True tau=0 sig=0.0 w=4 noisy -> OPTIMAL first=1.7977 valid_at=1.7977 valid=True | 3.7 min
  [S3 66/90] n=24 corpus_median mm_affine/True tau=0 sig=0.25 w=4 noisy -> FEASIBLE first=2.6433 valid_at=9.9681 valid=True | 4.2 min
  [S3 67/90] n=24 corpus_median mm_affine/True tau=0 sig=0.25 w=4 noisy -> FEASIBLE first=3.4446 valid_at=11.5894 valid=True | 4.7 min
  [S3 68/90] n=24 corpus_median mm_affine/True tau=0 sig=0.25 w=4 noisy -> FEASIBLE first=2.408 valid_at=8.6927 valid=True | 5.2 min
  [S3 69/90] n=24 corpus_median mm_affine/True tau=0 sig=0.25 w=4 noisy -> FEASIBLE first=4.3667 valid_at=13.7717 valid=True | 5.7 min
  [S3 70/90] n=24 corpus_median mm_affine/True tau=0 sig=0.25 w=4 noisy -> FEASIBLE first=1.9136 valid_at=9.7567 valid=True | 6.2 min
  [S3 71/90] n=24 corpus_median mm_affine/True tau=0 sig=0.5 w=4 noisy -> FEASIBLE first=3.1467 valid_at=12.4117 valid=True | 6.7 min
  [S3 72/90] n=24 corpus_median mm_affine/True tau=0 sig=0.5 w=4 noisy -> FEASIBLE first=4.3651 valid_at=25.7296 valid=True | 7.2 min
  [S3 73/90] n=24 corpus_median mm_affine/True tau=0 sig=0.5 w=4 noisy -> FEASIBLE first=2.3951 valid_at=14.3191 valid=True | 7.7 min
  [S3 74/90] n=24 corpus_median mm_affine/True tau=0 sig=0.5 w=4 noisy -> INFEASIBLE first=None valid_at=None valid=None | 7.7 min
  [S3 75/90] n=24 corpus_median mm_affine/True tau=0 sig=0.5 w=4 noisy -> FEASIBLE first=1.879 valid_at=12.0978 valid=True | 8.2 min
  [S3 76/90] n=24 corpus_median mm_affine/True tau=0 sig=1.0 w=4 noisy -> INFEASIBLE first=None valid_at=None valid=None | 8.2 min
  [S3 77/90] n=24 corpus_median mm_affine/True tau=0 sig=1.0 w=4 noisy -> INFEASIBLE first=None valid_at=None valid=None | 8.3 min
  [S3 78/90] n=24 corpus_median mm_affine/True tau=0 sig=1.0 w=4 noisy -> INFEASIBLE first=None valid_at=None valid=None | 8.3 min
  [S3 79/90] n=24 corpus_median mm_affine/True tau=0 sig=1.0 w=4 noisy -> INFEASIBLE first=None valid_at=None valid=None | 8.3 min
  [S3 80/90] n=24 corpus_median mm_affine/True tau=0 sig=1.0 w=4 noisy -> INFEASIBLE first=None valid_at=None valid=None | 8.3 min
  [S3 81/90] n=24 corpus_median mm_affine/True tau=0 sig=2.0 w=4 noisy -> INFEASIBLE first=None valid_at=None valid=None | 8.3 min
  [S3 82/90] n=24 corpus_median mm_affine/True tau=0 sig=2.0 w=4 noisy -> INFEASIBLE first=None valid_at=None valid=None | 8.3 min
  [S3 83/90] n=24 corpus_median mm_affine/True tau=0 sig=2.0 w=4 noisy -> INFEASIBLE first=None valid_at=None valid=None | 8.3 min
  [S3 84/90] n=24 corpus_median mm_affine/True tau=0 sig=2.0 w=4 noisy -> INFEASIBLE first=None valid_at=None valid=None | 8.4 min
  [S3 85/90] n=24 corpus_median mm_affine/True tau=0 sig=2.0 w=4 noisy -> INFEASIBLE first=None valid_at=None valid=None | 8.4 min
  [S3 86/90] n=24 corpus_median mm_affine/True tau=0 sig=4.0 w=4 noisy -> INFEASIBLE first=None valid_at=None valid=None | 8.4 min
  [S3 87/90] n=24 corpus_median mm_affine/True tau=0 sig=4.0 w=4 noisy -> INFEASIBLE first=None valid_at=None valid=None | 8.4 min
  [S3 88/90] n=24 corpus_median mm_affine/True tau=0 sig=4.0 w=4 noisy -> INFEASIBLE first=None valid_at=None valid=None | 8.4 min
  [S3 89/90] n=24 corpus_median mm_affine/True tau=0 sig=4.0 w=4 noisy -> INFEASIBLE first=None valid_at=None valid=None | 8.4 min
  [S3 90/90] n=24 corpus_median mm_affine/True tau=0 sig=4.0 w=4 noisy -> INFEASIBLE first=None valid_at=None valid=None | 8.4 min
[S3] done in 8.4 min
[S6] 45 rows, 0 done, 45 to run -> C:\Users\tng\g2p\bim-engine\experiments\solver-toy\results\S6_v2.jsonl
  [S6 1/45] n=8 corpus_median mm_affine/True tau=0 sig=0.5 w=1 noisy -> OPTIMAL first=0.0988 valid_at=1.6595 valid=True | 0.0 min
  [S6 2/45] n=8 corpus_median mm_affine/True tau=0 sig=0.5 w=1 noisy -> OPTIMAL first=0.1104 valid_at=0.7967 valid=True | 0.1 min
  [S6 3/45] n=8 corpus_median mm_affine/True tau=0 sig=0.5 w=1 noisy -> OPTIMAL first=0.121 valid_at=10.3059 valid=True | 0.3 min
  [S6 4/45] n=8 corpus_median mm_affine/True tau=0 sig=0.5 w=1 noisy -> OPTIMAL first=0.0907 valid_at=0.7431 valid=True | 0.4 min
  [S6 5/45] n=8 corpus_median mm_affine/True tau=0 sig=0.5 w=1 noisy -> OPTIMAL first=0.0918 valid_at=0.449 valid=True | 0.4 min
  [S6 6/45] n=8 corpus_median mm_affine/True tau=0 sig=0.5 w=2 noisy -> OPTIMAL first=0.1015 valid_at=0.7541 valid=True | 0.5 min
  [S6 7/45] n=8 corpus_median mm_affine/True tau=0 sig=0.5 w=2 noisy -> OPTIMAL first=0.1135 valid_at=0.2624 valid=True | 0.5 min
  [S6 8/45] n=8 corpus_median mm_affine/True tau=0 sig=0.5 w=2 noisy -> OPTIMAL first=0.1217 valid_at=1.285 valid=True | 0.6 min
  [S6 9/45] n=8 corpus_median mm_affine/True tau=0 sig=0.5 w=2 noisy -> OPTIMAL first=0.0934 valid_at=0.2369 valid=True | 0.7 min
  [S6 10/45] n=8 corpus_median mm_affine/True tau=0 sig=0.5 w=2 noisy -> OPTIMAL first=0.0952 valid_at=0.2156 valid=True | 0.7 min
  [S6 11/45] n=8 corpus_median mm_affine/True tau=0 sig=0.5 w=4 noisy -> OPTIMAL first=0.0966 valid_at=0.1179 valid=True | 0.7 min
  [S6 12/45] n=8 corpus_median mm_affine/True tau=0 sig=0.5 w=4 noisy -> OPTIMAL first=0.1096 valid_at=0.1133 valid=True | 0.7 min
  [S6 13/45] n=8 corpus_median mm_affine/True tau=0 sig=0.5 w=4 noisy -> OPTIMAL first=0.1116 valid_at=0.7004 valid=True | 0.9 min
  [S6 14/45] n=8 corpus_median mm_affine/True tau=0 sig=0.5 w=4 noisy -> OPTIMAL first=0.0921 valid_at=0.1223 valid=True | 1.0 min
  [S6 15/45] n=8 corpus_median mm_affine/True tau=0 sig=0.5 w=4 noisy -> OPTIMAL first=0.0911 valid_at=0.2331 valid=True | 1.0 min
  [S6 16/45] n=12 corpus_median mm_affine/True tau=0 sig=0.5 w=1 noisy -> INFEASIBLE first=None valid_at=None valid=None | 1.1 min
  [S6 17/45] n=12 corpus_median mm_affine/True tau=0 sig=0.5 w=1 noisy -> FEASIBLE first=0.2906 valid_at=24.2831 valid=True | 1.6 min
  [S6 18/45] n=12 corpus_median mm_affine/True tau=0 sig=0.5 w=1 noisy -> FEASIBLE first=0.2419 valid_at=0.9517 valid=True | 2.1 min
  [S6 19/45] n=12 corpus_median mm_affine/True tau=0 sig=0.5 w=1 noisy -> INFEASIBLE first=None valid_at=None valid=None | 2.1 min
  [S6 20/45] n=12 corpus_median mm_affine/True tau=0 sig=0.5 w=1 noisy -> INFEASIBLE first=None valid_at=None valid=None | 2.1 min
  [S6 21/45] n=12 corpus_median mm_affine/True tau=0 sig=0.5 w=2 noisy -> INFEASIBLE first=None valid_at=None valid=None | 2.1 min
  [S6 22/45] n=12 corpus_median mm_affine/True tau=0 sig=0.5 w=2 noisy -> FEASIBLE first=0.2949 valid_at=1.7462 valid=True | 2.6 min
  [S6 23/45] n=12 corpus_median mm_affine/True tau=0 sig=0.5 w=2 noisy -> FEASIBLE first=0.245 valid_at=1.5244 valid=True | 3.1 min
  [S6 24/45] n=12 corpus_median mm_affine/True tau=0 sig=0.5 w=2 noisy -> INFEASIBLE first=None valid_at=None valid=None | 3.1 min
  [S6 25/45] n=12 corpus_median mm_affine/True tau=0 sig=0.5 w=2 noisy -> INFEASIBLE first=None valid_at=None valid=None | 3.1 min
  [S6 26/45] n=12 corpus_median mm_affine/True tau=0 sig=0.5 w=4 noisy -> INFEASIBLE first=None valid_at=None valid=None | 3.1 min
  [S6 27/45] n=12 corpus_median mm_affine/True tau=0 sig=0.5 w=4 noisy -> FEASIBLE first=0.2882 valid_at=1.807 valid=True | 3.6 min
  [S6 28/45] n=12 corpus_median mm_affine/True tau=0 sig=0.5 w=4 noisy -> FEASIBLE first=0.248 valid_at=1.0288 valid=True | 4.1 min
  [S6 29/45] n=12 corpus_median mm_affine/True tau=0 sig=0.5 w=4 noisy -> INFEASIBLE first=None valid_at=None valid=None | 4.1 min
  [S6 30/45] n=12 corpus_median mm_affine/True tau=0 sig=0.5 w=4 noisy -> INFEASIBLE first=None valid_at=None valid=None | 4.1 min
  [S6 31/45] n=24 corpus_median mm_affine/True tau=0 sig=0.5 w=1 noisy -> FEASIBLE first=3.2757 valid_at=None valid=False | 4.6 min
  [S6 32/45] n=24 corpus_median mm_affine/True tau=0 sig=0.5 w=1 noisy -> FEASIBLE first=3.826 valid_at=None valid=False | 5.1 min
  [S6 33/45] n=24 corpus_median mm_affine/True tau=0 sig=0.5 w=1 noisy -> FEASIBLE first=2.3952 valid_at=None valid=False | 5.6 min
  [S6 34/45] n=24 corpus_median mm_affine/True tau=0 sig=0.5 w=1 noisy -> INFEASIBLE first=None valid_at=None valid=None | 5.6 min
  [S6 35/45] n=24 corpus_median mm_affine/True tau=0 sig=0.5 w=1 noisy -> FEASIBLE first=1.8252 valid_at=None valid=False | 6.1 min
  [S6 36/45] n=24 corpus_median mm_affine/True tau=0 sig=0.5 w=2 noisy -> FEASIBLE first=3.1983 valid_at=11.7592 valid=True | 6.6 min
  [S6 37/45] n=24 corpus_median mm_affine/True tau=0 sig=0.5 w=2 noisy -> FEASIBLE first=4.1966 valid_at=16.6834 valid=True | 7.1 min
  [S6 38/45] n=24 corpus_median mm_affine/True tau=0 sig=0.5 w=2 noisy -> FEASIBLE first=2.3857 valid_at=18.5675 valid=True | 7.6 min
  [S6 39/45] n=24 corpus_median mm_affine/True tau=0 sig=0.5 w=2 noisy -> INFEASIBLE first=None valid_at=None valid=None | 7.7 min
  [S6 40/45] n=24 corpus_median mm_affine/True tau=0 sig=0.5 w=2 noisy -> FEASIBLE first=1.875 valid_at=13.6425 valid=True | 8.2 min
  [S6 41/45] n=24 corpus_median mm_affine/True tau=0 sig=0.5 w=4 noisy -> FEASIBLE first=3.1411 valid_at=12.2554 valid=True | 8.7 min
  [S6 42/45] n=24 corpus_median mm_affine/True tau=0 sig=0.5 w=4 noisy -> FEASIBLE first=4.3749 valid_at=16.368 valid=True | 9.2 min
  [S6 43/45] n=24 corpus_median mm_affine/True tau=0 sig=0.5 w=4 noisy -> FEASIBLE first=2.384 valid_at=12.7739 valid=True | 9.7 min
  [S6 44/45] n=24 corpus_median mm_affine/True tau=0 sig=0.5 w=4 noisy -> INFEASIBLE first=None valid_at=None valid=None | 9.7 min
  [S6 45/45] n=24 corpus_median mm_affine/True tau=0 sig=0.5 w=4 noisy -> FEASIBLE first=1.9052 valid_at=11.9351 valid=True | 10.2 min
[S6] done in 10.2 min
[S7] 48 rows, 0 done, 48 to run -> C:\Users\tng\g2p\bim-engine\experiments\solver-toy\results\S7_v2.jsonl
  [S7 1/48] n=8 corpus_median mm_affine/True tau=0 sig=0.5 w=4 noisy -> OPTIMAL first=0.0986 valid_at=0.1193 valid=True | 0.0 min
  [S7 2/48] n=8 corpus_median mm_affine/True tau=0 sig=0.5 w=4 noisy -> OPTIMAL first=0.0964 valid_at=0.1177 valid=True | 0.0 min
  [S7 3/48] n=8 corpus_median mm_affine/True tau=0 sig=0.5 w=4 noisy -> OPTIMAL first=0.1004 valid_at=0.1207 valid=True | 0.0 min
  [S7 4/48] n=8 corpus_median mm_affine/True tau=0 sig=0.5 w=4 noisy -> OPTIMAL first=0.0954 valid_at=0.1163 valid=True | 0.0 min
  [S7 5/48] n=8 corpus_median mm_affine/True tau=1 sig=0.5 w=4 noisy -> OPTIMAL first=0.0945 valid_at=0.1169 valid=True | 0.0 min
  [S7 6/48] n=8 corpus_median mm_affine/True tau=1 sig=0.5 w=4 noisy -> OPTIMAL first=0.0948 valid_at=0.1153 valid=True | 0.0 min
  [S7 7/48] n=8 corpus_median mm_affine/True tau=1 sig=0.5 w=4 noisy -> OPTIMAL first=0.0952 valid_at=0.1158 valid=True | 0.0 min
  [S7 8/48] n=8 corpus_median mm_affine/True tau=1 sig=0.5 w=4 noisy -> OPTIMAL first=0.0944 valid_at=0.1159 valid=True | 0.0 min
  [S7 9/48] n=8 corpus_median mm_affine/True tau=2 sig=0.5 w=4 noisy -> OPTIMAL first=0.0974 valid_at=0.1182 valid=True | 0.0 min
  [S7 10/48] n=8 corpus_median mm_affine/True tau=2 sig=0.5 w=4 noisy -> OPTIMAL first=0.0981 valid_at=0.1188 valid=True | 0.1 min
  [S7 11/48] n=8 corpus_median mm_affine/True tau=2 sig=0.5 w=4 noisy -> OPTIMAL first=0.0945 valid_at=0.1149 valid=True | 0.1 min
  [S7 12/48] n=8 corpus_median mm_affine/True tau=2 sig=0.5 w=4 noisy -> OPTIMAL first=0.0958 valid_at=0.1214 valid=True | 0.1 min
  [S7 13/48] n=8 corpus_median mm_affine/True tau=4 sig=0.5 w=4 noisy -> OPTIMAL first=0.1159 valid_at=0.197 valid=True | 0.1 min
  [S7 14/48] n=8 corpus_median mm_affine/True tau=4 sig=0.5 w=4 noisy -> OPTIMAL first=0.1168 valid_at=0.2416 valid=True | 0.1 min
  [S7 15/48] n=8 corpus_median mm_affine/True tau=4 sig=0.5 w=4 noisy -> OPTIMAL first=0.1157 valid_at=0.2058 valid=True | 0.1 min
  [S7 16/48] n=8 corpus_median mm_affine/True tau=4 sig=0.5 w=4 noisy -> OPTIMAL first=0.1194 valid_at=0.1951 valid=True | 0.1 min
  [S7 17/48] n=8 corpus_median mm_affine/True tau=6 sig=0.5 w=4 noisy -> OPTIMAL first=0.1341 valid_at=0.1382 valid=True | 0.1 min
  [S7 18/48] n=8 corpus_median mm_affine/True tau=6 sig=0.5 w=4 noisy -> OPTIMAL first=0.1337 valid_at=0.1377 valid=True | 0.2 min
  [S7 19/48] n=8 corpus_median mm_affine/True tau=6 sig=0.5 w=4 noisy -> OPTIMAL first=0.1342 valid_at=0.1383 valid=True | 0.2 min
  [S7 20/48] n=8 corpus_median mm_affine/True tau=6 sig=0.5 w=4 noisy -> OPTIMAL first=0.1352 valid_at=0.1391 valid=True | 0.3 min
  [S7 21/48] n=8 corpus_median mm_affine/True tau=10 sig=0.5 w=4 noisy -> OPTIMAL first=0.1375 valid_at=0.4534 valid=True | 0.4 min
  [S7 22/48] n=8 corpus_median mm_affine/True tau=10 sig=0.5 w=4 noisy -> OPTIMAL first=0.1397 valid_at=0.2938 valid=True | 0.4 min
  [S7 23/48] n=8 corpus_median mm_affine/True tau=10 sig=0.5 w=4 noisy -> OPTIMAL first=0.1387 valid_at=0.2799 valid=True | 0.5 min
  [S7 24/48] n=8 corpus_median mm_affine/True tau=10 sig=0.5 w=4 noisy -> OPTIMAL first=0.1439 valid_at=0.3941 valid=True | 0.6 min
  [S7 25/48] n=24 corpus_median mm_affine/True tau=0 sig=0.5 w=4 noisy -> FEASIBLE first=2.6694 valid_at=11.257 valid=True | 1.1 min
  [S7 26/48] n=24 corpus_median mm_affine/True tau=0 sig=0.5 w=4 noisy -> FEASIBLE first=3.1853 valid_at=12.4374 valid=True | 1.6 min
  [S7 27/48] n=24 corpus_median mm_affine/True tau=0 sig=0.5 w=4 noisy -> FEASIBLE first=3.1586 valid_at=14.7464 valid=True | 2.1 min
  [S7 28/48] n=24 corpus_median mm_affine/True tau=0 sig=0.5 w=4 noisy -> FEASIBLE first=3.1667 valid_at=15.3951 valid=True | 2.6 min
  [S7 29/48] n=24 corpus_median mm_affine/True tau=1 sig=0.5 w=4 noisy -> FEASIBLE first=3.2577 valid_at=11.2677 valid=True | 3.1 min
  [S7 30/48] n=24 corpus_median mm_affine/True tau=1 sig=0.5 w=4 noisy -> FEASIBLE first=3.3084 valid_at=12.2446 valid=True | 3.6 min
  [S7 31/48] n=24 corpus_median mm_affine/True tau=1 sig=0.5 w=4 noisy -> FEASIBLE first=3.2956 valid_at=12.9503 valid=True | 4.1 min
  [S7 32/48] n=24 corpus_median mm_affine/True tau=1 sig=0.5 w=4 noisy -> FEASIBLE first=3.2509 valid_at=9.3685 valid=True | 4.6 min
  [S7 33/48] n=24 corpus_median mm_affine/True tau=2 sig=0.5 w=4 noisy -> FEASIBLE first=3.4977 valid_at=14.5745 valid=True | 5.1 min
  [S7 34/48] n=24 corpus_median mm_affine/True tau=2 sig=0.5 w=4 noisy -> FEASIBLE first=3.4839 valid_at=None valid=False | 5.6 min
  [S7 35/48] n=24 corpus_median mm_affine/True tau=2 sig=0.5 w=4 noisy -> FEASIBLE first=3.4791 valid_at=None valid=False | 6.1 min
  [S7 36/48] n=24 corpus_median mm_affine/True tau=2 sig=0.5 w=4 noisy -> FEASIBLE first=3.4824 valid_at=9.9313 valid=True | 6.6 min
  [S7 37/48] n=24 corpus_median mm_affine/True tau=4 sig=0.5 w=4 noisy -> FEASIBLE first=4.4069 valid_at=8.2112 valid=True | 7.2 min
  [S7 38/48] n=24 corpus_median mm_affine/True tau=4 sig=0.5 w=4 noisy -> FEASIBLE first=5.6924 valid_at=8.4122 valid=True | 7.7 min
  [S7 39/48] n=24 corpus_median mm_affine/True tau=4 sig=0.5 w=4 noisy -> FEASIBLE first=4.5151 valid_at=16.2704 valid=True | 8.2 min
  [S7 40/48] n=24 corpus_median mm_affine/True tau=4 sig=0.5 w=4 noisy -> FEASIBLE first=7.275 valid_at=25.3778 valid=True | 8.7 min
  [S7 41/48] n=24 corpus_median mm_affine/True tau=6 sig=0.5 w=4 noisy -> FEASIBLE first=4.9701 valid_at=None valid=False | 9.2 min
  [S7 42/48] n=24 corpus_median mm_affine/True tau=6 sig=0.5 w=4 noisy -> FEASIBLE first=5.469 valid_at=9.3505 valid=True | 9.7 min
  [S7 43/48] n=24 corpus_median mm_affine/True tau=6 sig=0.5 w=4 noisy -> FEASIBLE first=5.403 valid_at=15.2217 valid=True | 10.2 min
  [S7 44/48] n=24 corpus_median mm_affine/True tau=6 sig=0.5 w=4 noisy -> FEASIBLE first=5.1143 valid_at=16.965 valid=True | 10.7 min
  [S7 45/48] n=24 corpus_median mm_affine/True tau=10 sig=0.5 w=4 noisy -> FEASIBLE first=5.0196 valid_at=25.7225 valid=True | 11.2 min
  [S7 46/48] n=24 corpus_median mm_affine/True tau=10 sig=0.5 w=4 noisy -> FEASIBLE first=5.7071 valid_at=9.7752 valid=True | 11.7 min
  [S7 47/48] n=24 corpus_median mm_affine/True tau=10 sig=0.5 w=4 noisy -> FEASIBLE first=3.9104 valid_at=14.5616 valid=True | 12.2 min
  [S7 48/48] n=24 corpus_median mm_affine/True tau=10 sig=0.5 w=4 noisy -> FEASIBLE first=5.9166 valid_at=7.7204 valid=True | 12.7 min
[S7] done in 12.7 min
