[S1] 90 rows, 0 done, 90 to run -> C:\Users\tng\g2p\bim-engine\experiments\solver-toy\results\S1.jsonl
  [S1 1/90] n=8 detached grid/False tau=0 sig=0.5 w=4 noisy -> FEASIBLE first=0.1708 valid_at=1.6565 valid=True | 0.5 min
  [S1 2/90] n=8 detached mm_direct/False tau=0 sig=0.5 w=4 noisy -> FEASIBLE first=0.1908 valid_at=0.4187 valid=True | 1.0 min
  [S1 3/90] n=8 detached mm_affine/False tau=0 sig=0.5 w=4 noisy -> FEASIBLE first=0.1432 valid_at=0.2979 valid=True | 1.5 min
  [S1 4/90] n=8 detached mm_direct/True tau=0 sig=0.5 w=4 noisy -> OPTIMAL first=0.1344 valid_at=0.2965 valid=True | 1.6 min
  [S1 5/90] n=8 detached mm_affine/True tau=0 sig=0.5 w=4 noisy -> OPTIMAL first=0.1367 valid_at=0.344 valid=True | 1.6 min
  [S1 6/90] n=8 detached grid/False tau=0 sig=0.5 w=4 noisy -> OPTIMAL first=0.1152 valid_at=0.2107 valid=True | 1.6 min
  [S1 7/90] n=8 detached mm_direct/False tau=0 sig=0.5 w=4 noisy -> OPTIMAL first=0.1183 valid_at=0.2065 valid=True | 1.7 min
  [S1 8/90] n=8 detached mm_affine/False tau=0 sig=0.5 w=4 noisy -> OPTIMAL first=0.159 valid_at=0.3126 valid=True | 1.7 min
  [S1 9/90] n=8 detached mm_direct/True tau=0 sig=0.5 w=4 noisy -> OPTIMAL first=0.1065 valid_at=None valid=False | 1.7 min
  [S1 10/90] n=8 detached mm_affine/True tau=0 sig=0.5 w=4 noisy -> OPTIMAL first=0.1216 valid_at=None valid=False | 1.7 min
  [S1 11/90] n=8 detached grid/False tau=0 sig=0.5 w=4 noisy -> FEASIBLE first=0.1064 valid_at=0.3756 valid=True | 2.2 min
  [S1 12/90] n=8 detached mm_direct/False tau=0 sig=0.5 w=4 noisy -> FEASIBLE first=0.1116 valid_at=0.8642 valid=True | 2.7 min
  [S1 13/90] n=8 detached mm_affine/False tau=0 sig=0.5 w=4 noisy -> FEASIBLE first=0.1167 valid_at=0.8701 valid=True | 3.2 min
  [S1 14/90] n=8 detached mm_direct/True tau=0 sig=0.5 w=4 noisy -> FEASIBLE first=0.1455 valid_at=None valid=False | 3.7 min
  [S1 15/90] n=8 detached mm_affine/True tau=0 sig=0.5 w=4 noisy -> OPTIMAL first=0.1002 valid_at=None valid=False | 4.1 min
  [S1 16/90] n=8 detached grid/False tau=0 sig=0.5 w=4 noisy -> OPTIMAL first=0.1325 valid_at=0.3653 valid=True | 4.2 min
  [S1 17/90] n=8 detached mm_direct/False tau=0 sig=0.5 w=4 noisy -> OPTIMAL first=0.1523 valid_at=0.3316 valid=True | 4.2 min
  [S1 18/90] n=8 detached mm_affine/False tau=0 sig=0.5 w=4 noisy -> OPTIMAL first=0.1255 valid_at=0.3563 valid=True | 4.3 min
  [S1 19/90] n=8 detached mm_direct/True tau=0 sig=0.5 w=4 noisy -> OPTIMAL first=0.1275 valid_at=0.1803 valid=True | 4.3 min
  [S1 20/90] n=8 detached mm_affine/True tau=0 sig=0.5 w=4 noisy -> OPTIMAL first=0.12 valid_at=0.1439 valid=True | 4.3 min
  [S1 21/90] n=8 detached grid/False tau=0 sig=0.5 w=4 noisy -> OPTIMAL first=0.088 valid_at=0.2513 valid=True | 4.3 min
  [S1 22/90] n=8 detached mm_direct/False tau=0 sig=0.5 w=4 noisy -> OPTIMAL first=0.093 valid_at=0.2201 valid=True | 4.3 min
  [S1 23/90] n=8 detached mm_affine/False tau=0 sig=0.5 w=4 noisy -> OPTIMAL first=0.0884 valid_at=0.224 valid=True | 4.3 min
  [S1 24/90] n=8 detached mm_direct/True tau=0 sig=0.5 w=4 noisy -> OPTIMAL first=0.101 valid_at=0.1097 valid=True | 4.3 min
  [S1 25/90] n=8 detached mm_affine/True tau=0 sig=0.5 w=4 noisy -> OPTIMAL first=0.0904 valid_at=0.1026 valid=True | 4.3 min
  [S1 26/90] n=8 detached grid/False tau=0 sig=0.5 w=4 noisy -> OPTIMAL first=0.1176 valid_at=0.1472 valid=True | 4.4 min
  [S1 27/90] n=8 detached mm_direct/False tau=0 sig=0.5 w=4 noisy -> OPTIMAL first=0.1154 valid_at=0.1327 valid=True | 4.4 min
  [S1 28/90] n=8 detached mm_affine/False tau=0 sig=0.5 w=4 noisy -> OPTIMAL first=0.1164 valid_at=0.1388 valid=True | 4.5 min
  [S1 29/90] n=8 detached mm_direct/True tau=0 sig=0.5 w=4 noisy -> OPTIMAL first=0.1273 valid_at=0.1398 valid=True | 4.5 min
  [S1 30/90] n=8 detached mm_affine/True tau=0 sig=0.5 w=4 noisy -> OPTIMAL first=0.1093 valid_at=0.1187 valid=True | 4.5 min
  [S1 31/90] n=12 detached grid/False tau=0 sig=0.5 w=4 noisy -> FEASIBLE first=2.2113 valid_at=3.8368 valid=True | 5.0 min
  [S1 32/90] n=12 detached mm_direct/False tau=0 sig=0.5 w=4 noisy -> FEASIBLE first=2.2686 valid_at=3.9995 valid=True | 5.5 min
  [S1 33/90] n=12 detached mm_affine/False tau=0 sig=0.5 w=4 noisy -> FEASIBLE first=1.6896 valid_at=6.6224 valid=True | 6.0 min
  [S1 34/90] n=12 detached mm_direct/True tau=0 sig=0.5 w=4 noisy -> FEASIBLE first=0.7435 valid_at=9.3699 valid=True | 6.5 min
  [S1 35/90] n=12 detached mm_affine/True tau=0 sig=0.5 w=4 noisy -> FEASIBLE first=1.6968 valid_at=7.0633 valid=True | 7.0 min
  [S1 36/90] n=12 detached grid/False tau=0 sig=0.5 w=4 noisy -> FEASIBLE first=1.2339 valid_at=4.256 valid=True | 7.5 min
  [S1 37/90] n=12 detached mm_direct/False tau=0 sig=0.5 w=4 noisy -> FEASIBLE first=0.6531 valid_at=3.4186 valid=True | 8.0 min
  [S1 38/90] n=12 detached mm_affine/False tau=0 sig=0.5 w=4 noisy -> FEASIBLE first=0.5965 valid_at=1.9597 valid=True | 8.5 min
  [S1 39/90] n=12 detached mm_direct/True tau=0 sig=0.5 w=4 noisy -> FEASIBLE first=0.659 valid_at=3.0588 valid=True | 9.0 min
  [S1 40/90] n=12 detached mm_affine/True tau=0 sig=0.5 w=4 noisy -> FEASIBLE first=0.4099 valid_at=3.8087 valid=True | 9.5 min
  [S1 41/90] n=12 detached grid/False tau=0 sig=0.5 w=4 noisy -> FEASIBLE first=0.4038 valid_at=6.6338 valid=True | 10.0 min
  [S1 42/90] n=12 detached mm_direct/False tau=0 sig=0.5 w=4 noisy -> FEASIBLE first=0.3742 valid_at=2.661 valid=True | 10.5 min
  [S1 43/90] n=12 detached mm_affine/False tau=0 sig=0.5 w=4 noisy -> FEASIBLE first=0.9046 valid_at=3.4486 valid=True | 11.0 min
  [S1 44/90] n=12 detached mm_direct/True tau=0 sig=0.5 w=4 noisy -> FEASIBLE first=0.473 valid_at=22.8465 valid=True | 11.5 min
  [S1 45/90] n=12 detached mm_affine/True tau=0 sig=0.5 w=4 noisy -> FEASIBLE first=0.4428 valid_at=None valid=False | 12.0 min
  [S1 46/90] n=12 detached grid/False tau=0 sig=0.5 w=4 noisy -> INFEASIBLE first=None valid_at=None valid=None | 12.0 min
  [S1 47/90] n=12 detached mm_direct/False tau=0 sig=0.5 w=4 noisy -> INFEASIBLE first=None valid_at=None valid=None | 12.0 min
  [S1 48/90] n=12 detached mm_affine/False tau=0 sig=0.5 w=4 noisy -> INFEASIBLE first=None valid_at=None valid=None | 12.0 min
  [S1 49/90] n=12 detached mm_direct/True tau=0 sig=0.5 w=4 noisy -> INFEASIBLE first=None valid_at=None valid=None | 12.0 min
  [S1 50/90] n=12 detached mm_affine/True tau=0 sig=0.5 w=4 noisy -> INFEASIBLE first=None valid_at=None valid=None | 12.0 min
  [S1 51/90] n=12 detached grid/False tau=0 sig=0.5 w=4 noisy -> INFEASIBLE first=None valid_at=None valid=None | 12.0 min
  [S1 52/90] n=12 detached mm_direct/False tau=0 sig=0.5 w=4 noisy -> INFEASIBLE first=None valid_at=None valid=None | 12.1 min
  [S1 53/90] n=12 detached mm_affine/False tau=0 sig=0.5 w=4 noisy -> INFEASIBLE first=None valid_at=None valid=None | 12.1 min
  [S1 54/90] n=12 detached mm_direct/True tau=0 sig=0.5 w=4 noisy -> INFEASIBLE first=None valid_at=None valid=None | 12.1 min
  [S1 55/90] n=12 detached mm_affine/True tau=0 sig=0.5 w=4 noisy -> INFEASIBLE first=None valid_at=None valid=None | 12.1 min
  [S1 56/90] n=12 detached grid/False tau=0 sig=0.5 w=4 noisy -> FEASIBLE first=0.3442 valid_at=3.5758 valid=True | 12.6 min
  [S1 57/90] n=12 detached mm_direct/False tau=0 sig=0.5 w=4 noisy -> FEASIBLE first=0.3382 valid_at=2.5899 valid=True | 13.1 min
  [S1 58/90] n=12 detached mm_affine/False tau=0 sig=0.5 w=4 noisy -> FEASIBLE first=0.3577 valid_at=2.2993 valid=True | 13.6 min
  [S1 59/90] n=12 detached mm_direct/True tau=0 sig=0.5 w=4 noisy -> FEASIBLE first=0.3467 valid_at=3.5554 valid=True | 14.1 min
  [S1 60/90] n=12 detached mm_affine/True tau=0 sig=0.5 w=4 noisy -> FEASIBLE first=0.3631 valid_at=2.1045 valid=True | 14.6 min
  [S1 61/90] n=24 detached grid/False tau=0 sig=0.5 w=4 noisy -> FEASIBLE first=4.355 valid_at=None valid=False | 15.1 min
  [S1 62/90] n=24 detached mm_direct/False tau=0 sig=0.5 w=4 noisy -> FEASIBLE first=6.4622 valid_at=17.9004 valid=True | 15.6 min
  [S1 63/90] n=24 detached mm_affine/False tau=0 sig=0.5 w=4 noisy -> FEASIBLE first=5.3042 valid_at=26.2409 valid=True | 16.1 min
  [S1 64/90] n=24 detached mm_direct/True tau=0 sig=0.5 w=4 noisy -> FEASIBLE first=3.8658 valid_at=16.8784 valid=True | 16.6 min
  [S1 65/90] n=24 detached mm_affine/True tau=0 sig=0.5 w=4 noisy -> FEASIBLE first=3.8162 valid_at=18.1401 valid=True | 17.1 min
  [S1 66/90] n=24 detached grid/False tau=0 sig=0.5 w=4 noisy -> FEASIBLE first=6.3646 valid_at=None valid=False | 17.6 min
  [S1 67/90] n=24 detached mm_direct/False tau=0 sig=0.5 w=4 noisy -> FEASIBLE first=8.4045 valid_at=None valid=False | 18.2 min
  [S1 68/90] n=24 detached mm_affine/False tau=0 sig=0.5 w=4 noisy -> FEASIBLE first=9.7259 valid_at=None valid=False | 18.7 min
  [S1 69/90] n=24 detached mm_direct/True tau=0 sig=0.5 w=4 noisy -> FEASIBLE first=8.8944 valid_at=None valid=False | 19.2 min
  [S1 70/90] n=24 detached mm_affine/True tau=0 sig=0.5 w=4 noisy -> FEASIBLE first=9.3445 valid_at=None valid=False | 19.7 min
  [S1 71/90] n=24 detached grid/False tau=0 sig=0.5 w=4 noisy -> FEASIBLE first=2.1953 valid_at=8.8212 valid=True | 20.2 min
  [S1 72/90] n=24 detached mm_direct/False tau=0 sig=0.5 w=4 noisy -> FEASIBLE first=2.7127 valid_at=23.7782 valid=True | 20.7 min
  [S1 73/90] n=24 detached mm_affine/False tau=0 sig=0.5 w=4 noisy -> FEASIBLE first=3.0249 valid_at=14.8789 valid=True | 21.2 min
  [S1 74/90] n=24 detached mm_direct/True tau=0 sig=0.5 w=4 noisy -> FEASIBLE first=3.4028 valid_at=14.7335 valid=True | 21.7 min
  [S1 75/90] n=24 detached mm_affine/True tau=0 sig=0.5 w=4 noisy -> FEASIBLE first=2.622 valid_at=12.5191 valid=True | 22.2 min
  [S1 76/90] n=24 detached grid/False tau=0 sig=0.5 w=4 noisy -> INFEASIBLE first=None valid_at=None valid=None | 22.2 min
  [S1 77/90] n=24 detached mm_direct/False tau=0 sig=0.5 w=4 noisy -> INFEASIBLE first=None valid_at=None valid=None | 22.3 min
  [S1 78/90] n=24 detached mm_affine/False tau=0 sig=0.5 w=4 noisy -> INFEASIBLE first=None valid_at=None valid=None | 22.3 min
  [S1 79/90] n=24 detached mm_direct/True tau=0 sig=0.5 w=4 noisy -> INFEASIBLE first=None valid_at=None valid=None | 22.3 min
  [S1 80/90] n=24 detached mm_affine/True tau=0 sig=0.5 w=4 noisy -> INFEASIBLE first=None valid_at=None valid=None | 22.3 min
  [S1 81/90] n=24 detached grid/False tau=0 sig=0.5 w=4 noisy -> FEASIBLE first=6.0956 valid_at=27.8622 valid=True | 22.8 min
  [S1 82/90] n=24 detached mm_direct/False tau=0 sig=0.5 w=4 noisy -> FEASIBLE first=4.6663 valid_at=16.9169 valid=True | 23.4 min
  [S1 83/90] n=24 detached mm_affine/False tau=0 sig=0.5 w=4 noisy -> FEASIBLE first=3.8374 valid_at=8.5214 valid=True | 23.9 min
  [S1 84/90] n=24 detached mm_direct/True tau=0 sig=0.5 w=4 noisy -> FEASIBLE first=2.697 valid_at=8.5918 valid=True | 24.4 min
  [S1 85/90] n=24 detached mm_affine/True tau=0 sig=0.5 w=4 noisy -> FEASIBLE first=3.0685 valid_at=13.2825 valid=True | 24.9 min
  [S1 86/90] n=24 detached grid/False tau=0 sig=0.5 w=4 noisy -> FEASIBLE first=4.9786 valid_at=14.4492 valid=True | 25.4 min
  [S1 87/90] n=24 detached mm_direct/False tau=0 sig=0.5 w=4 noisy -> FEASIBLE first=7.9313 valid_at=None valid=False | 25.9 min
  [S1 88/90] n=24 detached mm_affine/False tau=0 sig=0.5 w=4 noisy -> FEASIBLE first=5.857 valid_at=20.0074 valid=True | 26.4 min
  [S1 89/90] n=24 detached mm_direct/True tau=0 sig=0.5 w=4 noisy -> FEASIBLE first=6.3875 valid_at=29.6461 valid=True | 26.9 min
  [S1 90/90] n=24 detached mm_affine/True tau=0 sig=0.5 w=4 noisy -> FEASIBLE first=10.3638 valid_at=22.9793 valid=True | 27.4 min
[S1] done in 27.4 min
[S2] 320 rows, 0 done, 320 to run -> C:\Users\tng\g2p\bim-engine\experiments\solver-toy\results\S2.jsonl
  [S2 1/320] n=4 detached mm_affine/True tau=0 sig=0.5 w=4 noisy -> OPTIMAL first=0.0448 valid_at=None valid=False | 0.0 min
  [S2 2/320] n=4 detached mm_affine/True tau=0 sig=0.5 w=4 noisy -> OPTIMAL first=0.06 valid_at=None valid=False | 0.0 min
  [S2 3/320] n=4 detached mm_affine/True tau=0 sig=0.5 w=4 noisy -> OPTIMAL first=0.0508 valid_at=None valid=False | 0.0 min
  [S2 4/320] n=4 detached mm_affine/True tau=0 sig=0.5 w=4 noisy -> OPTIMAL first=0.0442 valid_at=None valid=False | 0.0 min
  [S2 5/320] n=4 detached mm_affine/True tau=0 sig=0.5 w=4 noisy -> OPTIMAL first=0.0335 valid_at=None valid=False | 0.0 min
  [S2 6/320] n=4 detached mm_affine/True tau=0 sig=0.5 w=4 noisy -> OPTIMAL first=0.048 valid_at=None valid=False | 0.0 min
  [S2 7/320] n=4 detached mm_affine/True tau=0 sig=0.5 w=4 noisy -> OPTIMAL first=0.0353 valid_at=None valid=False | 0.0 min
  [S2 8/320] n=4 detached mm_affine/True tau=0 sig=0.5 w=4 noisy -> OPTIMAL first=0.0338 valid_at=None valid=False | 0.0 min
  [S2 9/320] n=4 terrace_mid mm_affine/True tau=0 sig=0.5 w=4 noisy -> OPTIMAL first=0.0364 valid_at=None valid=False | 0.0 min
  [S2 10/320] n=4 terrace_mid mm_affine/True tau=0 sig=0.5 w=4 noisy -> INFEASIBLE first=None valid_at=None valid=None | 0.0 min
  [S2 11/320] n=4 terrace_mid mm_affine/True tau=0 sig=0.5 w=4 noisy -> OPTIMAL first=0.0515 valid_at=None valid=False | 0.0 min
  [S2 12/320] n=4 terrace_mid mm_affine/True tau=0 sig=0.5 w=4 noisy -> OPTIMAL first=0.0409 valid_at=None valid=False | 0.0 min
  [S2 13/320] n=4 terrace_mid mm_affine/True tau=0 sig=0.5 w=4 noisy -> OPTIMAL first=0.0313 valid_at=None valid=False | 0.0 min
  [S2 14/320] n=4 terrace_mid mm_affine/True tau=0 sig=0.5 w=4 noisy -> OPTIMAL first=0.0321 valid_at=None valid=False | 0.0 min
  [S2 15/320] n=4 terrace_mid mm_affine/True tau=0 sig=0.5 w=4 noisy -> INFEASIBLE first=None valid_at=None valid=None | 0.0 min
  [S2 16/320] n=4 terrace_mid mm_affine/True tau=0 sig=0.5 w=4 noisy -> INFEASIBLE first=None valid_at=None valid=None | 0.0 min
  [S2 17/320] n=4 flat_corner mm_affine/True tau=0 sig=0.5 w=4 noisy -> OPTIMAL first=0.0352 valid_at=None valid=False | 0.0 min
  [S2 18/320] n=4 flat_corner mm_affine/True tau=0 sig=0.5 w=4 noisy -> OPTIMAL first=0.0309 valid_at=None valid=False | 0.0 min
  [S2 19/320] n=4 flat_corner mm_affine/True tau=0 sig=0.5 w=4 noisy -> OPTIMAL first=0.0343 valid_at=None valid=False | 0.0 min
  [S2 20/320] n=4 flat_corner mm_affine/True tau=0 sig=0.5 w=4 noisy -> OPTIMAL first=0.0327 valid_at=None valid=False | 0.0 min
  [S2 21/320] n=4 flat_corner mm_affine/True tau=0 sig=0.5 w=4 noisy -> OPTIMAL first=0.0329 valid_at=None valid=False | 0.0 min
  [S2 22/320] n=4 flat_corner mm_affine/True tau=0 sig=0.5 w=4 noisy -> OPTIMAL first=0.0355 valid_at=None valid=False | 0.0 min
  [S2 23/320] n=4 flat_corner mm_affine/True tau=0 sig=0.5 w=4 noisy -> OPTIMAL first=0.0564 valid_at=None valid=False | 0.0 min
  [S2 24/320] n=4 flat_corner mm_affine/True tau=0 sig=0.5 w=4 noisy -> OPTIMAL first=0.0338 valid_at=None valid=False | 0.0 min
  [S2 25/320] n=4 corpus_median mm_affine/True tau=0 sig=0.5 w=4 noisy -> OPTIMAL first=0.038 valid_at=None valid=False | 0.0 min
  [S2 26/320] n=4 corpus_median mm_affine/True tau=0 sig=0.5 w=4 noisy -> OPTIMAL first=0.0398 valid_at=None valid=False | 0.0 min
  [S2 27/320] n=4 corpus_median mm_affine/True tau=0 sig=0.5 w=4 noisy -> OPTIMAL first=0.0382 valid_at=None valid=False | 0.0 min
  [S2 28/320] n=4 corpus_median mm_affine/True tau=0 sig=0.5 w=4 noisy -> OPTIMAL first=0.0312 valid_at=None valid=False | 0.0 min
  [S2 29/320] n=4 corpus_median mm_affine/True tau=0 sig=0.5 w=4 noisy -> OPTIMAL first=0.0299 valid_at=None valid=False | 0.0 min
  [S2 30/320] n=4 corpus_median mm_affine/True tau=0 sig=0.5 w=4 noisy -> OPTIMAL first=0.0314 valid_at=None valid=False | 0.0 min
  [S2 31/320] n=4 corpus_median mm_affine/True tau=0 sig=0.5 w=4 noisy -> OPTIMAL first=0.0277 valid_at=None valid=False | 0.1 min
  [S2 32/320] n=4 corpus_median mm_affine/True tau=0 sig=0.5 w=4 noisy -> OPTIMAL first=0.0242 valid_at=None valid=False | 0.1 min
  [S2 33/320] n=4 flat_single_aspect mm_affine/True tau=0 sig=0.5 w=4 noisy -> OPTIMAL first=0.0326 valid_at=None valid=False | 0.1 min
  [S2 34/320] n=4 flat_single_aspect mm_affine/True tau=0 sig=0.5 w=4 noisy -> OPTIMAL first=0.0304 valid_at=None valid=False | 0.1 min
  [S2 35/320] n=4 flat_single_aspect mm_affine/True tau=0 sig=0.5 w=4 noisy -> OPTIMAL first=0.0306 valid_at=None valid=False | 0.1 min
  [S2 36/320] n=4 flat_single_aspect mm_affine/True tau=0 sig=0.5 w=4 noisy -> OPTIMAL first=0.0312 valid_at=None valid=False | 0.1 min
  [S2 37/320] n=4 flat_single_aspect mm_affine/True tau=0 sig=0.5 w=4 noisy -> OPTIMAL first=0.0308 valid_at=None valid=False | 0.1 min
  [S2 38/320] n=4 flat_single_aspect mm_affine/True tau=0 sig=0.5 w=4 noisy -> OPTIMAL first=0.0314 valid_at=None valid=False | 0.1 min
  [S2 39/320] n=4 flat_single_aspect mm_affine/True tau=0 sig=0.5 w=4 noisy -> OPTIMAL first=0.0276 valid_at=None valid=False | 0.1 min
  [S2 40/320] n=4 flat_single_aspect mm_affine/True tau=0 sig=0.5 w=4 noisy -> OPTIMAL first=0.0381 valid_at=None valid=False | 0.1 min
  [S2 41/320] n=6 detached mm_affine/True tau=0 sig=0.5 w=4 noisy -> OPTIMAL first=0.076 valid_at=None valid=False | 0.1 min
  [S2 42/320] n=6 detached mm_affine/True tau=0 sig=0.5 w=4 noisy -> OPTIMAL first=0.0729 valid_at=None valid=False | 0.1 min
  [S2 43/320] n=6 detached mm_affine/True tau=0 sig=0.5 w=4 noisy -> INFEASIBLE first=None valid_at=None valid=None | 0.1 min
  [S2 44/320] n=6 detached mm_affine/True tau=0 sig=0.5 w=4 noisy -> OPTIMAL first=0.0682 valid_at=0.0682 valid=True | 0.1 min
  [S2 45/320] n=6 detached mm_affine/True tau=0 sig=0.5 w=4 noisy -> OPTIMAL first=0.0675 valid_at=None valid=False | 0.1 min
  [S2 46/320] n=6 detached mm_affine/True tau=0 sig=0.5 w=4 noisy -> OPTIMAL first=0.3647 valid_at=None valid=False | 0.1 min
  [S2 47/320] n=6 detached mm_affine/True tau=0 sig=0.5 w=4 noisy -> OPTIMAL first=0.1072 valid_at=None valid=False | 0.1 min
  [S2 48/320] n=6 detached mm_affine/True tau=0 sig=0.5 w=4 noisy -> OPTIMAL first=0.1009 valid_at=0.1245 valid=True | 0.1 min
  [S2 49/320] n=6 terrace_mid mm_affine/True tau=0 sig=0.5 w=4 noisy -> NO_BRIEF first=None valid_at=None valid=None | 0.1 min
  [S2 50/320] n=6 terrace_mid mm_affine/True tau=0 sig=0.5 w=4 noisy -> NO_BRIEF first=None valid_at=None valid=None | 0.1 min
  [S2 51/320] n=6 terrace_mid mm_affine/True tau=0 sig=0.5 w=4 noisy -> NO_BRIEF first=None valid_at=None valid=None | 0.1 min
  [S2 52/320] n=6 terrace_mid mm_affine/True tau=0 sig=0.5 w=4 noisy -> NO_BRIEF first=None valid_at=None valid=None | 0.1 min
  [S2 53/320] n=6 terrace_mid mm_affine/True tau=0 sig=0.5 w=4 noisy -> NO_BRIEF first=None valid_at=None valid=None | 0.1 min
  [S2 54/320] n=6 terrace_mid mm_affine/True tau=0 sig=0.5 w=4 noisy -> NO_BRIEF first=None valid_at=None valid=None | 0.1 min
  [S2 55/320] n=6 terrace_mid mm_affine/True tau=0 sig=0.5 w=4 noisy -> NO_BRIEF first=None valid_at=None valid=None | 0.1 min
  [S2 56/320] n=6 terrace_mid mm_affine/True tau=0 sig=0.5 w=4 noisy -> NO_BRIEF first=None valid_at=None valid=None | 0.1 min
  [S2 57/320] n=6 flat_corner mm_affine/True tau=0 sig=0.5 w=4 noisy -> NO_BRIEF first=None valid_at=None valid=None | 0.1 min
  [S2 58/320] n=6 flat_corner mm_affine/True tau=0 sig=0.5 w=4 noisy -> NO_BRIEF first=None valid_at=None valid=None | 0.1 min
  [S2 59/320] n=6 flat_corner mm_affine/True tau=0 sig=0.5 w=4 noisy -> NO_BRIEF first=None valid_at=None valid=None | 0.1 min
  [S2 60/320] n=6 flat_corner mm_affine/True tau=0 sig=0.5 w=4 noisy -> NO_BRIEF first=None valid_at=None valid=None | 0.1 min
  [S2 61/320] n=6 flat_corner mm_affine/True tau=0 sig=0.5 w=4 noisy -> NO_BRIEF first=None valid_at=None valid=None | 0.1 min
  [S2 62/320] n=6 flat_corner mm_affine/True tau=0 sig=0.5 w=4 noisy -> NO_BRIEF first=None valid_at=None valid=None | 0.1 min
  [S2 63/320] n=6 flat_corner mm_affine/True tau=0 sig=0.5 w=4 noisy -> NO_BRIEF first=None valid_at=None valid=None | 0.1 min
  [S2 64/320] n=6 flat_corner mm_affine/True tau=0 sig=0.5 w=4 noisy -> NO_BRIEF first=None valid_at=None valid=None | 0.1 min
  [S2 65/320] n=6 corpus_median mm_affine/True tau=0 sig=0.5 w=4 noisy -> NO_BRIEF first=None valid_at=None valid=None | 0.1 min
  [S2 66/320] n=6 corpus_median mm_affine/True tau=0 sig=0.5 w=4 noisy -> NO_BRIEF first=None valid_at=None valid=None | 0.1 min
  [S2 67/320] n=6 corpus_median mm_affine/True tau=0 sig=0.5 w=4 noisy -> NO_BRIEF first=None valid_at=None valid=None | 0.1 min
  [S2 68/320] n=6 corpus_median mm_affine/True tau=0 sig=0.5 w=4 noisy -> NO_BRIEF first=None valid_at=None valid=None | 0.1 min
  [S2 69/320] n=6 corpus_median mm_affine/True tau=0 sig=0.5 w=4 noisy -> NO_BRIEF first=None valid_at=None valid=None | 0.1 min
  [S2 70/320] n=6 corpus_median mm_affine/True tau=0 sig=0.5 w=4 noisy -> NO_BRIEF first=None valid_at=None valid=None | 0.1 min
  [S2 71/320] n=6 corpus_median mm_affine/True tau=0 sig=0.5 w=4 noisy -> NO_BRIEF first=None valid_at=None valid=None | 0.1 min
  [S2 72/320] n=6 corpus_median mm_affine/True tau=0 sig=0.5 w=4 noisy -> NO_BRIEF first=None valid_at=None valid=None | 0.1 min
  [S2 73/320] n=6 flat_single_aspect mm_affine/True tau=0 sig=0.5 w=4 noisy -> NO_BRIEF first=None valid_at=None valid=None | 0.2 min
  [S2 74/320] n=6 flat_single_aspect mm_affine/True tau=0 sig=0.5 w=4 noisy -> NO_BRIEF first=None valid_at=None valid=None | 0.2 min
  [S2 75/320] n=6 flat_single_aspect mm_affine/True tau=0 sig=0.5 w=4 noisy -> NO_BRIEF first=None valid_at=None valid=None | 0.2 min
  [S2 76/320] n=6 flat_single_aspect mm_affine/True tau=0 sig=0.5 w=4 noisy -> NO_BRIEF first=None valid_at=None valid=None | 0.2 min
  [S2 77/320] n=6 flat_single_aspect mm_affine/True tau=0 sig=0.5 w=4 noisy -> NO_BRIEF first=None valid_at=None valid=None | 0.2 min
  [S2 78/320] n=6 flat_single_aspect mm_affine/True tau=0 sig=0.5 w=4 noisy -> NO_BRIEF first=None valid_at=None valid=None | 0.2 min
  [S2 79/320] n=6 flat_single_aspect mm_affine/True tau=0 sig=0.5 w=4 noisy -> NO_BRIEF first=None valid_at=None valid=None | 0.2 min
  [S2 80/320] n=6 flat_single_aspect mm_affine/True tau=0 sig=0.5 w=4 noisy -> NO_BRIEF first=None valid_at=None valid=None | 0.2 min
  [S2 81/320] n=8 detached mm_affine/True tau=0 sig=0.5 w=4 noisy -> OPTIMAL first=0.1249 valid_at=0.3787 valid=True | 0.2 min
  [S2 82/320] n=8 detached mm_affine/True tau=0 sig=0.5 w=4 noisy -> OPTIMAL first=0.0841 valid_at=None valid=False | 0.2 min
  [S2 83/320] n=8 detached mm_affine/True tau=0 sig=0.5 w=4 noisy -> OPTIMAL first=0.0845 valid_at=None valid=False | 0.5 min
  [S2 84/320] n=8 detached mm_affine/True tau=0 sig=0.5 w=4 noisy -> OPTIMAL first=0.1353 valid_at=0.1678 valid=True | 0.5 min
  [S2 85/320] n=8 detached mm_affine/True tau=0 sig=0.5 w=4 noisy -> OPTIMAL first=0.1244 valid_at=0.1316 valid=True | 0.5 min
  [S2 86/320] n=8 detached mm_affine/True tau=0 sig=0.5 w=4 noisy -> OPTIMAL first=0.2535 valid_at=0.2891 valid=True | 0.5 min
  [S2 87/320] n=8 detached mm_affine/True tau=0 sig=0.5 w=4 noisy -> OPTIMAL first=0.2802 valid_at=0.2933 valid=True | 0.5 min
  [S2 88/320] n=8 detached mm_affine/True tau=0 sig=0.5 w=4 noisy -> INFEASIBLE first=None valid_at=None valid=None | 0.6 min
  [S2 89/320] n=8 terrace_mid mm_affine/True tau=0 sig=0.5 w=4 noisy -> OPTIMAL first=0.1006 valid_at=0.3088 valid=True | 0.6 min
  [S2 90/320] n=8 terrace_mid mm_affine/True tau=0 sig=0.5 w=4 noisy -> INFEASIBLE first=None valid_at=None valid=None | 0.6 min
  [S2 91/320] n=8 terrace_mid mm_affine/True tau=0 sig=0.5 w=4 noisy -> OPTIMAL first=0.1395 valid_at=0.8453 valid=True | 0.6 min
  [S2 92/320] n=8 terrace_mid mm_affine/True tau=0 sig=0.5 w=4 noisy -> OPTIMAL first=0.1286 valid_at=0.1709 valid=True | 0.6 min
  [S2 93/320] n=8 terrace_mid mm_affine/True tau=0 sig=0.5 w=4 noisy -> INFEASIBLE first=None valid_at=None valid=None | 0.6 min
  [S2 94/320] n=8 terrace_mid mm_affine/True tau=0 sig=0.5 w=4 noisy -> INFEASIBLE first=None valid_at=None valid=None | 0.6 min
  [S2 95/320] n=8 terrace_mid mm_affine/True tau=0 sig=0.5 w=4 noisy -> INFEASIBLE first=None valid_at=None valid=None | 0.7 min
  [S2 96/320] n=8 terrace_mid mm_affine/True tau=0 sig=0.5 w=4 noisy -> INFEASIBLE first=None valid_at=None valid=None | 0.7 min
  [S2 97/320] n=8 flat_corner mm_affine/True tau=0 sig=0.5 w=4 noisy -> OPTIMAL first=0.1549 valid_at=0.183 valid=True | 0.7 min
  [S2 98/320] n=8 flat_corner mm_affine/True tau=0 sig=0.5 w=4 noisy -> OPTIMAL first=0.1505 valid_at=0.1881 valid=True | 0.7 min
  [S2 99/320] n=8 flat_corner mm_affine/True tau=0 sig=0.5 w=4 noisy -> OPTIMAL first=0.1247 valid_at=0.6328 valid=True | 1.0 min
  [S2 100/320] n=8 flat_corner mm_affine/True tau=0 sig=0.5 w=4 noisy -> OPTIMAL first=0.124 valid_at=0.2553 valid=True | 1.0 min
  [S2 101/320] n=8 flat_corner mm_affine/True tau=0 sig=0.5 w=4 noisy -> OPTIMAL first=0.0859 valid_at=0.0991 valid=True | 1.0 min
  [S2 102/320] n=8 flat_corner mm_affine/True tau=0 sig=0.5 w=4 noisy -> OPTIMAL first=0.0862 valid_at=0.1419 valid=True | 1.1 min
  [S2 103/320] n=8 flat_corner mm_affine/True tau=0 sig=0.5 w=4 noisy -> OPTIMAL first=0.0777 valid_at=0.1171 valid=True | 1.1 min
  [S2 104/320] n=8 flat_corner mm_affine/True tau=0 sig=0.5 w=4 noisy -> INFEASIBLE first=None valid_at=None valid=None | 1.1 min
  [S2 105/320] n=8 corpus_median mm_affine/True tau=0 sig=0.5 w=4 noisy -> OPTIMAL first=0.093 valid_at=0.1806 valid=True | 1.1 min
  [S2 106/320] n=8 corpus_median mm_affine/True tau=0 sig=0.5 w=4 noisy -> OPTIMAL first=0.1065 valid_at=0.194 valid=True | 1.1 min
  [S2 107/320] n=8 corpus_median mm_affine/True tau=0 sig=0.5 w=4 noisy -> OPTIMAL first=0.0763 valid_at=None valid=False | 1.2 min
  [S2 108/320] n=8 corpus_median mm_affine/True tau=0 sig=0.5 w=4 noisy -> OPTIMAL first=0.0817 valid_at=None valid=False | 1.2 min
  [S2 109/320] n=8 corpus_median mm_affine/True tau=0 sig=0.5 w=4 noisy -> OPTIMAL first=0.077 valid_at=None valid=False | 1.3 min
  [S2 110/320] n=8 corpus_median mm_affine/True tau=0 sig=0.5 w=4 noisy -> OPTIMAL first=0.1059 valid_at=0.1236 valid=True | 1.3 min
  [S2 111/320] n=8 corpus_median mm_affine/True tau=0 sig=0.5 w=4 noisy -> OPTIMAL first=0.0878 valid_at=None valid=False | 1.3 min
  [S2 112/320] n=8 corpus_median mm_affine/True tau=0 sig=0.5 w=4 noisy -> INFEASIBLE first=None valid_at=None valid=None | 1.3 min
  [S2 113/320] n=8 flat_single_aspect mm_affine/True tau=0 sig=0.5 w=4 noisy -> H8_IMPOSSIBLE first=None valid_at=None valid=None | 1.3 min
  [S2 114/320] n=8 flat_single_aspect mm_affine/True tau=0 sig=0.5 w=4 noisy -> H8_IMPOSSIBLE first=None valid_at=None valid=None | 1.3 min
  [S2 115/320] n=8 flat_single_aspect mm_affine/True tau=0 sig=0.5 w=4 noisy -> H8_IMPOSSIBLE first=None valid_at=None valid=None | 1.3 min
  [S2 116/320] n=8 flat_single_aspect mm_affine/True tau=0 sig=0.5 w=4 noisy -> H8_IMPOSSIBLE first=None valid_at=None valid=None | 1.3 min
  [S2 117/320] n=8 flat_single_aspect mm_affine/True tau=0 sig=0.5 w=4 noisy -> H8_IMPOSSIBLE first=None valid_at=None valid=None | 1.3 min
  [S2 118/320] n=8 flat_single_aspect mm_affine/True tau=0 sig=0.5 w=4 noisy -> H8_IMPOSSIBLE first=None valid_at=None valid=None | 1.3 min
  [S2 119/320] n=8 flat_single_aspect mm_affine/True tau=0 sig=0.5 w=4 noisy -> H8_IMPOSSIBLE first=None valid_at=None valid=None | 1.3 min
  [S2 120/320] n=8 flat_single_aspect mm_affine/True tau=0 sig=0.5 w=4 noisy -> H8_IMPOSSIBLE first=None valid_at=None valid=None | 1.3 min
  [S2 121/320] n=10 detached mm_affine/True tau=0 sig=0.5 w=4 noisy -> INFEASIBLE first=None valid_at=None valid=None | 1.3 min
  [S2 122/320] n=10 detached mm_affine/True tau=0 sig=0.5 w=4 noisy -> FEASIBLE first=0.3695 valid_at=1.2584 valid=True | 1.8 min
  [S2 123/320] n=10 detached mm_affine/True tau=0 sig=0.5 w=4 noisy -> FEASIBLE first=0.2818 valid_at=2.719 valid=True | 2.3 min
  [S2 124/320] n=10 detached mm_affine/True tau=0 sig=0.5 w=4 noisy -> FEASIBLE first=0.333 valid_at=0.8321 valid=True | 2.8 min
  [S2 125/320] n=10 detached mm_affine/True tau=0 sig=0.5 w=4 noisy -> FEASIBLE first=0.2353 valid_at=1.2001 valid=True | 3.3 min
  [S2 126/320] n=10 detached mm_affine/True tau=0 sig=0.5 w=4 noisy -> OPTIMAL first=0.1439 valid_at=0.2794 valid=True | 3.4 min
  [S2 127/320] n=10 detached mm_affine/True tau=0 sig=0.5 w=4 noisy -> INFEASIBLE first=None valid_at=None valid=None | 3.4 min
  [S2 128/320] n=10 detached mm_affine/True tau=0 sig=0.5 w=4 noisy -> INFEASIBLE first=None valid_at=None valid=None | 3.4 min
  [S2 129/320] n=10 terrace_mid mm_affine/True tau=0 sig=0.5 w=4 noisy -> INFEASIBLE first=None valid_at=None valid=None | 3.4 min
  [S2 130/320] n=10 terrace_mid mm_affine/True tau=0 sig=0.5 w=4 noisy -> FEASIBLE first=0.2066 valid_at=2.0516 valid=True | 3.9 min
  [S2 131/320] n=10 terrace_mid mm_affine/True tau=0 sig=0.5 w=4 noisy -> INFEASIBLE first=None valid_at=None valid=None | 3.9 min
  [S2 132/320] n=10 terrace_mid mm_affine/True tau=0 sig=0.5 w=4 noisy -> FEASIBLE first=0.1542 valid_at=0.2539 valid=True | 4.4 min
  [S2 133/320] n=10 terrace_mid mm_affine/True tau=0 sig=0.5 w=4 noisy -> FEASIBLE first=0.2654 valid_at=2.2455 valid=True | 4.9 min
  [S2 134/320] n=10 terrace_mid mm_affine/True tau=0 sig=0.5 w=4 noisy -> INFEASIBLE first=None valid_at=None valid=None | 4.9 min
  [S2 135/320] n=10 terrace_mid mm_affine/True tau=0 sig=0.5 w=4 noisy -> INFEASIBLE first=None valid_at=None valid=None | 4.9 min
  [S2 136/320] n=10 terrace_mid mm_affine/True tau=0 sig=0.5 w=4 noisy -> INFEASIBLE first=None valid_at=None valid=None | 4.9 min
  [S2 137/320] n=10 flat_corner mm_affine/True tau=0 sig=0.5 w=4 noisy -> INFEASIBLE first=None valid_at=None valid=None | 5.0 min
  [S2 138/320] n=10 flat_corner mm_affine/True tau=0 sig=0.5 w=4 noisy -> OPTIMAL first=0.1746 valid_at=1.341 valid=True | 5.3 min
  [S2 139/320] n=10 flat_corner mm_affine/True tau=0 sig=0.5 w=4 noisy -> FEASIBLE first=0.3169 valid_at=None valid=False | 5.8 min
  [S2 140/320] n=10 flat_corner mm_affine/True tau=0 sig=0.5 w=4 noisy -> FEASIBLE first=0.4389 valid_at=None valid=False | 6.3 min
  [S2 141/320] n=10 flat_corner mm_affine/True tau=0 sig=0.5 w=4 noisy -> FEASIBLE first=0.249 valid_at=0.5754 valid=True | 6.8 min
  [S2 142/320] n=10 flat_corner mm_affine/True tau=0 sig=0.5 w=4 noisy -> FEASIBLE first=0.1847 valid_at=0.5513 valid=True | 7.3 min
  [S2 143/320] n=10 flat_corner mm_affine/True tau=0 sig=0.5 w=4 noisy -> OPTIMAL first=0.1894 valid_at=1.7706 valid=True | 7.6 min
  [S2 144/320] n=10 flat_corner mm_affine/True tau=0 sig=0.5 w=4 noisy -> INFEASIBLE first=None valid_at=None valid=None | 7.6 min
  [S2 145/320] n=10 corpus_median mm_affine/True tau=0 sig=0.5 w=4 noisy -> INFEASIBLE first=None valid_at=None valid=None | 7.6 min
  [S2 146/320] n=10 corpus_median mm_affine/True tau=0 sig=0.5 w=4 noisy -> FEASIBLE first=0.22 valid_at=2.8917 valid=True | 8.1 min
  [S2 147/320] n=10 corpus_median mm_affine/True tau=0 sig=0.5 w=4 noisy -> INFEASIBLE first=None valid_at=None valid=None | 8.1 min
  [S2 148/320] n=10 corpus_median mm_affine/True tau=0 sig=0.5 w=4 noisy -> INFEASIBLE first=None valid_at=None valid=None | 8.1 min
  [S2 149/320] n=10 corpus_median mm_affine/True tau=0 sig=0.5 w=4 noisy -> INFEASIBLE first=None valid_at=None valid=None | 8.1 min
  [S2 150/320] n=10 corpus_median mm_affine/True tau=0 sig=0.5 w=4 noisy -> INFEASIBLE first=None valid_at=None valid=None | 8.1 min
  [S2 151/320] n=10 corpus_median mm_affine/True tau=0 sig=0.5 w=4 noisy -> INFEASIBLE first=None valid_at=None valid=None | 8.1 min
  [S2 152/320] n=10 corpus_median mm_affine/True tau=0 sig=0.5 w=4 noisy -> FEASIBLE first=0.1674 valid_at=None valid=False | 8.6 min
  [S2 153/320] n=10 flat_single_aspect mm_affine/True tau=0 sig=0.5 w=4 noisy -> H8_IMPOSSIBLE first=None valid_at=None valid=None | 8.6 min
  [S2 154/320] n=10 flat_single_aspect mm_affine/True tau=0 sig=0.5 w=4 noisy -> H8_IMPOSSIBLE first=None valid_at=None valid=None | 8.6 min
  [S2 155/320] n=10 flat_single_aspect mm_affine/True tau=0 sig=0.5 w=4 noisy -> H8_IMPOSSIBLE first=None valid_at=None valid=None | 8.6 min
  [S2 156/320] n=10 flat_single_aspect mm_affine/True tau=0 sig=0.5 w=4 noisy -> H8_IMPOSSIBLE first=None valid_at=None valid=None | 8.6 min
  [S2 157/320] n=10 flat_single_aspect mm_affine/True tau=0 sig=0.5 w=4 noisy -> H8_IMPOSSIBLE first=None valid_at=None valid=None | 8.6 min
  [S2 158/320] n=10 flat_single_aspect mm_affine/True tau=0 sig=0.5 w=4 noisy -> H8_IMPOSSIBLE first=None valid_at=None valid=None | 8.6 min
  [S2 159/320] n=10 flat_single_aspect mm_affine/True tau=0 sig=0.5 w=4 noisy -> H8_IMPOSSIBLE first=None valid_at=None valid=None | 8.6 min
  [S2 160/320] n=10 flat_single_aspect mm_affine/True tau=0 sig=0.5 w=4 noisy -> H8_IMPOSSIBLE first=None valid_at=None valid=None | 8.6 min
  [S2 161/320] n=12 detached mm_affine/True tau=0 sig=0.5 w=4 noisy -> FEASIBLE first=0.9287 valid_at=3.5206 valid=True | 9.1 min
  [S2 162/320] n=12 detached mm_affine/True tau=0 sig=0.5 w=4 noisy -> FEASIBLE first=0.5314 valid_at=1.1178 valid=True | 9.6 min
  [S2 163/320] n=12 detached mm_affine/True tau=0 sig=0.5 w=4 noisy -> FEASIBLE first=0.5077 valid_at=16.8952 valid=True | 10.1 min
  [S2 164/320] n=12 detached mm_affine/True tau=0 sig=0.5 w=4 noisy -> INFEASIBLE first=None valid_at=None valid=None | 10.1 min
  [S2 165/320] n=12 detached mm_affine/True tau=0 sig=0.5 w=4 noisy -> INFEASIBLE first=None valid_at=None valid=None | 10.1 min
  [S2 166/320] n=12 detached mm_affine/True tau=0 sig=0.5 w=4 noisy -> FEASIBLE first=0.371 valid_at=1.5841 valid=True | 10.6 min
  [S2 167/320] n=12 detached mm_affine/True tau=0 sig=0.5 w=4 noisy -> OPTIMAL first=0.4067 valid_at=0.6437 valid=True | 10.7 min
  [S2 168/320] n=12 detached mm_affine/True tau=0 sig=0.5 w=4 noisy -> FEASIBLE first=0.7793 valid_at=27.634 valid=True | 11.2 min
  [S2 169/320] n=12 terrace_mid mm_affine/True tau=0 sig=0.5 w=4 noisy -> FEASIBLE first=0.6136 valid_at=2.7291 valid=True | 11.7 min
  [S2 170/320] n=12 terrace_mid mm_affine/True tau=0 sig=0.5 w=4 noisy -> FEASIBLE first=0.3214 valid_at=0.8072 valid=True | 12.2 min
  [S2 171/320] n=12 terrace_mid mm_affine/True tau=0 sig=0.5 w=4 noisy -> FEASIBLE first=0.4557 valid_at=None valid=False | 12.7 min
  [S2 172/320] n=12 terrace_mid mm_affine/True tau=0 sig=0.5 w=4 noisy -> INFEASIBLE first=None valid_at=None valid=None | 12.8 min
  [S2 173/320] n=12 terrace_mid mm_affine/True tau=0 sig=0.5 w=4 noisy -> INFEASIBLE first=None valid_at=None valid=None | 12.8 min
  [S2 174/320] n=12 terrace_mid mm_affine/True tau=0 sig=0.5 w=4 noisy -> FEASIBLE first=1.8988 valid_at=14.5523 valid=True | 13.3 min
  [S2 175/320] n=12 terrace_mid mm_affine/True tau=0 sig=0.5 w=4 noisy -> OPTIMAL first=0.5342 valid_at=0.6816 valid=True | 13.5 min
  [S2 176/320] n=12 terrace_mid mm_affine/True tau=0 sig=0.5 w=4 noisy -> FEASIBLE first=0.7725 valid_at=None valid=False | 14.0 min
  [S2 177/320] n=12 flat_corner mm_affine/True tau=0 sig=0.5 w=4 noisy -> FEASIBLE first=2.4264 valid_at=6.7279 valid=True | 14.5 min
  [S2 178/320] n=12 flat_corner mm_affine/True tau=0 sig=0.5 w=4 noisy -> FEASIBLE first=0.7115 valid_at=6.9019 valid=True | 15.0 min
  [S2 179/320] n=12 flat_corner mm_affine/True tau=0 sig=0.5 w=4 noisy -> FEASIBLE first=0.7074 valid_at=14.7312 valid=True | 15.5 min
  [S2 180/320] n=12 flat_corner mm_affine/True tau=0 sig=0.5 w=4 noisy -> INFEASIBLE first=None valid_at=None valid=None | 15.5 min
  [S2 181/320] n=12 flat_corner mm_affine/True tau=0 sig=0.5 w=4 noisy -> INFEASIBLE first=None valid_at=None valid=None | 15.5 min
  [S2 182/320] n=12 flat_corner mm_affine/True tau=0 sig=0.5 w=4 noisy -> FEASIBLE first=1.0672 valid_at=1.6952 valid=True | 16.0 min
  [S2 183/320] n=12 flat_corner mm_affine/True tau=0 sig=0.5 w=4 noisy -> FEASIBLE first=0.6418 valid_at=2.7294 valid=True | 16.5 min
  [S2 184/320] n=12 flat_corner mm_affine/True tau=0 sig=0.5 w=4 noisy -> FEASIBLE first=0.7712 valid_at=2.3002 valid=True | 17.0 min
  [S2 185/320] n=12 corpus_median mm_affine/True tau=0 sig=0.5 w=4 noisy -> FEASIBLE first=0.3309 valid_at=1.2618 valid=True | 17.5 min
  [S2 186/320] n=12 corpus_median mm_affine/True tau=0 sig=0.5 w=4 noisy -> FEASIBLE first=0.5607 valid_at=4.843 valid=True | 18.0 min
  [S2 187/320] n=12 corpus_median mm_affine/True tau=0 sig=0.5 w=4 noisy -> FEASIBLE first=0.5828 valid_at=None valid=False | 18.6 min
  [S2 188/320] n=12 corpus_median mm_affine/True tau=0 sig=0.5 w=4 noisy -> INFEASIBLE first=None valid_at=None valid=None | 18.6 min
  [S2 189/320] n=12 corpus_median mm_affine/True tau=0 sig=0.5 w=4 noisy -> INFEASIBLE first=None valid_at=None valid=None | 18.6 min
  [S2 190/320] n=12 corpus_median mm_affine/True tau=0 sig=0.5 w=4 noisy -> OPTIMAL first=0.3047 valid_at=0.5697 valid=True | 18.7 min
  [S2 191/320] n=12 corpus_median mm_affine/True tau=0 sig=0.5 w=4 noisy -> OPTIMAL first=0.3939 valid_at=1.1149 valid=True | 18.9 min
  [S2 192/320] n=12 corpus_median mm_affine/True tau=0 sig=0.5 w=4 noisy -> FEASIBLE first=0.4397 valid_at=2.7637 valid=True | 19.4 min
  [S2 193/320] n=12 flat_single_aspect mm_affine/True tau=0 sig=0.5 w=4 noisy -> H8_IMPOSSIBLE first=None valid_at=None valid=None | 19.4 min
  [S2 194/320] n=12 flat_single_aspect mm_affine/True tau=0 sig=0.5 w=4 noisy -> H8_IMPOSSIBLE first=None valid_at=None valid=None | 19.4 min
  [S2 195/320] n=12 flat_single_aspect mm_affine/True tau=0 sig=0.5 w=4 noisy -> H8_IMPOSSIBLE first=None valid_at=None valid=None | 19.4 min
  [S2 196/320] n=12 flat_single_aspect mm_affine/True tau=0 sig=0.5 w=4 noisy -> H8_IMPOSSIBLE first=None valid_at=None valid=None | 19.4 min
  [S2 197/320] n=12 flat_single_aspect mm_affine/True tau=0 sig=0.5 w=4 noisy -> H8_IMPOSSIBLE first=None valid_at=None valid=None | 19.4 min
  [S2 198/320] n=12 flat_single_aspect mm_affine/True tau=0 sig=0.5 w=4 noisy -> H8_IMPOSSIBLE first=None valid_at=None valid=None | 19.4 min
  [S2 199/320] n=12 flat_single_aspect mm_affine/True tau=0 sig=0.5 w=4 noisy -> H8_IMPOSSIBLE first=None valid_at=None valid=None | 19.4 min
  [S2 200/320] n=12 flat_single_aspect mm_affine/True tau=0 sig=0.5 w=4 noisy -> H8_IMPOSSIBLE first=None valid_at=None valid=None | 19.4 min
  [S2 201/320] n=16 detached mm_affine/True tau=0 sig=0.5 w=4 noisy -> FEASIBLE first=1.6157 valid_at=None valid=False | 19.9 min
  [S2 202/320] n=16 detached mm_affine/True tau=0 sig=0.5 w=4 noisy -> FEASIBLE first=0.7636 valid_at=2.0846 valid=True | 20.4 min
  [S2 203/320] n=16 detached mm_affine/True tau=0 sig=0.5 w=4 noisy -> FEASIBLE first=0.6834 valid_at=2.7182 valid=True | 20.9 min
  [S2 204/320] n=16 detached mm_affine/True tau=0 sig=0.5 w=4 noisy -> FEASIBLE first=2.9469 valid_at=None valid=False | 21.4 min
  [S2 205/320] n=16 detached mm_affine/True tau=0 sig=0.5 w=4 noisy -> FEASIBLE first=3.0427 valid_at=None valid=False | 22.0 min
  [S2 206/320] n=16 detached mm_affine/True tau=0 sig=0.5 w=4 noisy -> FEASIBLE first=2.1867 valid_at=7.3004 valid=True | 22.5 min
  [S2 207/320] n=16 detached mm_affine/True tau=0 sig=0.5 w=4 noisy -> FEASIBLE first=1.3595 valid_at=10.9272 valid=True | 23.0 min
  [S2 208/320] n=16 detached mm_affine/True tau=0 sig=0.5 w=4 noisy -> FEASIBLE first=1.2308 valid_at=12.2406 valid=True | 23.5 min
  [S2 209/320] n=16 terrace_mid mm_affine/True tau=0 sig=0.5 w=4 noisy -> FEASIBLE first=1.5652 valid_at=None valid=False | 24.0 min
  [S2 210/320] n=16 terrace_mid mm_affine/True tau=0 sig=0.5 w=4 noisy -> INFEASIBLE first=None valid_at=None valid=None | 24.0 min
  [S2 211/320] n=16 terrace_mid mm_affine/True tau=0 sig=0.5 w=4 noisy -> FEASIBLE first=0.9318 valid_at=None valid=False | 24.5 min
  [S2 212/320] n=16 terrace_mid mm_affine/True tau=0 sig=0.5 w=4 noisy -> FEASIBLE first=1.322 valid_at=None valid=False | 25.0 min
  [S2 213/320] n=16 terrace_mid mm_affine/True tau=0 sig=0.5 w=4 noisy -> FEASIBLE first=0.729 valid_at=1.3068 valid=True | 25.5 min
  [S2 214/320] n=16 terrace_mid mm_affine/True tau=0 sig=0.5 w=4 noisy -> INFEASIBLE first=None valid_at=None valid=None | 25.5 min
  [S2 215/320] n=16 terrace_mid mm_affine/True tau=0 sig=0.5 w=4 noisy -> FEASIBLE first=0.9288 valid_at=28.9521 valid=True | 26.0 min
  [S2 216/320] n=16 terrace_mid mm_affine/True tau=0 sig=0.5 w=4 noisy -> FEASIBLE first=1.2698 valid_at=4.8191 valid=True | 26.5 min
  [S2 217/320] n=16 flat_corner mm_affine/True tau=0 sig=0.5 w=4 noisy -> FEASIBLE first=0.9257 valid_at=None valid=False | 27.0 min
  [S2 218/320] n=16 flat_corner mm_affine/True tau=0 sig=0.5 w=4 noisy -> FEASIBLE first=1.2796 valid_at=4.2396 valid=True | 27.5 min
  [S2 219/320] n=16 flat_corner mm_affine/True tau=0 sig=0.5 w=4 noisy -> FEASIBLE first=0.5943 valid_at=7.4807 valid=True | 28.0 min
  [S2 220/320] n=16 flat_corner mm_affine/True tau=0 sig=0.5 w=4 noisy -> FEASIBLE first=0.9691 valid_at=None valid=False | 28.5 min
  [S2 221/320] n=16 flat_corner mm_affine/True tau=0 sig=0.5 w=4 noisy -> FEASIBLE first=0.8606 valid_at=None valid=False | 29.0 min
  [S2 222/320] n=16 flat_corner mm_affine/True tau=0 sig=0.5 w=4 noisy -> FEASIBLE first=0.6121 valid_at=2.3482 valid=True | 29.5 min
  [S2 223/320] n=16 flat_corner mm_affine/True tau=0 sig=0.5 w=4 noisy -> FEASIBLE first=1.1491 valid_at=3.4627 valid=True | 30.0 min
  [S2 224/320] n=16 flat_corner mm_affine/True tau=0 sig=0.5 w=4 noisy -> INFEASIBLE first=None valid_at=None valid=None | 30.1 min
  [S2 225/320] n=16 corpus_median mm_affine/True tau=0 sig=0.5 w=4 noisy -> FEASIBLE first=1.0242 valid_at=None valid=False | 30.6 min
  [S2 226/320] n=16 corpus_median mm_affine/True tau=0 sig=0.5 w=4 noisy -> INFEASIBLE first=None valid_at=None valid=None | 30.6 min
  [S2 227/320] n=16 corpus_median mm_affine/True tau=0 sig=0.5 w=4 noisy -> FEASIBLE first=0.9475 valid_at=None valid=False | 31.1 min
  [S2 228/320] n=16 corpus_median mm_affine/True tau=0 sig=0.5 w=4 noisy -> FEASIBLE first=1.0748 valid_at=10.7013 valid=True | 31.6 min
  [S2 229/320] n=16 corpus_median mm_affine/True tau=0 sig=0.5 w=4 noisy -> FEASIBLE first=1.0014 valid_at=6.7235 valid=True | 32.1 min
  [S2 230/320] n=16 corpus_median mm_affine/True tau=0 sig=0.5 w=4 noisy -> FEASIBLE first=2.0029 valid_at=None valid=False | 32.6 min
  [S2 231/320] n=16 corpus_median mm_affine/True tau=0 sig=0.5 w=4 noisy -> FEASIBLE first=1.2006 valid_at=7.5007 valid=True | 33.1 min
  [S2 232/320] n=16 corpus_median mm_affine/True tau=0 sig=0.5 w=4 noisy -> FEASIBLE first=1.1193 valid_at=3.4161 valid=True | 33.6 min
  [S2 233/320] n=16 flat_single_aspect mm_affine/True tau=0 sig=0.5 w=4 noisy -> H8_IMPOSSIBLE first=None valid_at=None valid=None | 33.6 min
  [S2 234/320] n=16 flat_single_aspect mm_affine/True tau=0 sig=0.5 w=4 noisy -> H8_IMPOSSIBLE first=None valid_at=None valid=None | 33.6 min
  [S2 235/320] n=16 flat_single_aspect mm_affine/True tau=0 sig=0.5 w=4 noisy -> H8_IMPOSSIBLE first=None valid_at=None valid=None | 33.6 min
  [S2 236/320] n=16 flat_single_aspect mm_affine/True tau=0 sig=0.5 w=4 noisy -> H8_IMPOSSIBLE first=None valid_at=None valid=None | 33.6 min
  [S2 237/320] n=16 flat_single_aspect mm_affine/True tau=0 sig=0.5 w=4 noisy -> H8_IMPOSSIBLE first=None valid_at=None valid=None | 33.6 min
  [S2 238/320] n=16 flat_single_aspect mm_affine/True tau=0 sig=0.5 w=4 noisy -> H8_IMPOSSIBLE first=None valid_at=None valid=None | 33.6 min
  [S2 239/320] n=16 flat_single_aspect mm_affine/True tau=0 sig=0.5 w=4 noisy -> H8_IMPOSSIBLE first=None valid_at=None valid=None | 33.6 min
  [S2 240/320] n=16 flat_single_aspect mm_affine/True tau=0 sig=0.5 w=4 noisy -> H8_IMPOSSIBLE first=None valid_at=None valid=None | 33.6 min
  [S2 241/320] n=20 detached mm_affine/True tau=0 sig=0.5 w=4 noisy -> FEASIBLE first=2.7382 valid_at=None valid=False | 34.1 min
  [S2 242/320] n=20 detached mm_affine/True tau=0 sig=0.5 w=4 noisy -> FEASIBLE first=2.17 valid_at=None valid=False | 34.6 min
  [S2 243/320] n=20 detached mm_affine/True tau=0 sig=0.5 w=4 noisy -> FEASIBLE first=3.203 valid_at=None valid=False | 35.1 min
  [S2 244/320] n=20 detached mm_affine/True tau=0 sig=0.5 w=4 noisy -> INFEASIBLE first=None valid_at=None valid=None | 35.1 min
  [S2 245/320] n=20 detached mm_affine/True tau=0 sig=0.5 w=4 noisy -> FEASIBLE first=1.4805 valid_at=None valid=False | 35.6 min
  [S2 246/320] n=20 detached mm_affine/True tau=0 sig=0.5 w=4 noisy -> FEASIBLE first=2.7102 valid_at=11.448 valid=True | 36.1 min
  [S2 247/320] n=20 detached mm_affine/True tau=0 sig=0.5 w=4 noisy -> INFEASIBLE first=None valid_at=None valid=None | 36.2 min
  [S2 248/320] n=20 detached mm_affine/True tau=0 sig=0.5 w=4 noisy -> INFEASIBLE first=None valid_at=None valid=None | 36.2 min
  [S2 249/320] n=20 terrace_mid mm_affine/True tau=0 sig=0.5 w=4 noisy -> FEASIBLE first=3.3913 valid_at=None valid=False | 36.7 min
  [S2 250/320] n=20 terrace_mid mm_affine/True tau=0 sig=0.5 w=4 noisy -> FEASIBLE first=1.7329 valid_at=None valid=False | 37.2 min
  [S2 251/320] n=20 terrace_mid mm_affine/True tau=0 sig=0.5 w=4 noisy -> FEASIBLE first=1.0442 valid_at=22.1695 valid=True | 37.7 min
  [S2 252/320] n=20 terrace_mid mm_affine/True tau=0 sig=0.5 w=4 noisy -> INFEASIBLE first=None valid_at=None valid=None | 37.7 min
  [S2 253/320] n=20 terrace_mid mm_affine/True tau=0 sig=0.5 w=4 noisy -> FEASIBLE first=0.8723 valid_at=7.3658 valid=True | 38.2 min
  [S2 254/320] n=20 terrace_mid mm_affine/True tau=0 sig=0.5 w=4 noisy -> FEASIBLE first=2.5721 valid_at=16.7885 valid=True | 38.7 min
  [S2 255/320] n=20 terrace_mid mm_affine/True tau=0 sig=0.5 w=4 noisy -> INFEASIBLE first=None valid_at=None valid=None | 38.7 min
  [S2 256/320] n=20 terrace_mid mm_affine/True tau=0 sig=0.5 w=4 noisy -> INFEASIBLE first=None valid_at=None valid=None | 38.8 min
  [S2 257/320] n=20 flat_corner mm_affine/True tau=0 sig=0.5 w=4 noisy -> FEASIBLE first=3.4585 valid_at=None valid=False | 39.3 min
  [S2 258/320] n=20 flat_corner mm_affine/True tau=0 sig=0.5 w=4 noisy -> FEASIBLE first=3.2622 valid_at=None valid=False | 39.8 min
  [S2 259/320] n=20 flat_corner mm_affine/True tau=0 sig=0.5 w=4 noisy -> FEASIBLE first=2.8029 valid_at=14.0894 valid=True | 40.3 min
  [S2 260/320] n=20 flat_corner mm_affine/True tau=0 sig=0.5 w=4 noisy -> INFEASIBLE first=None valid_at=None valid=None | 40.3 min
  [S2 261/320] n=20 flat_corner mm_affine/True tau=0 sig=0.5 w=4 noisy -> INFEASIBLE first=None valid_at=None valid=None | 40.3 min
  [S2 262/320] n=20 flat_corner mm_affine/True tau=0 sig=0.5 w=4 noisy -> FEASIBLE first=1.9344 valid_at=11.859 valid=True | 40.8 min
  [S2 263/320] n=20 flat_corner mm_affine/True tau=0 sig=0.5 w=4 noisy -> INFEASIBLE first=None valid_at=None valid=None | 40.8 min
  [S2 264/320] n=20 flat_corner mm_affine/True tau=0 sig=0.5 w=4 noisy -> INFEASIBLE first=None valid_at=None valid=None | 40.9 min
  [S2 265/320] n=20 corpus_median mm_affine/True tau=0 sig=0.5 w=4 noisy -> FEASIBLE first=3.8809 valid_at=None valid=False | 41.4 min
  [S2 266/320] n=20 corpus_median mm_affine/True tau=0 sig=0.5 w=4 noisy -> INFEASIBLE first=None valid_at=None valid=None | 41.4 min
  [S2 267/320] n=20 corpus_median mm_affine/True tau=0 sig=0.5 w=4 noisy -> FEASIBLE first=3.6634 valid_at=16.5231 valid=True | 41.9 min
  [S2 268/320] n=20 corpus_median mm_affine/True tau=0 sig=0.5 w=4 noisy -> INFEASIBLE first=None valid_at=None valid=None | 41.9 min
  [S2 269/320] n=20 corpus_median mm_affine/True tau=0 sig=0.5 w=4 noisy -> INFEASIBLE first=None valid_at=None valid=None | 41.9 min
  [S2 270/320] n=20 corpus_median mm_affine/True tau=0 sig=0.5 w=4 noisy -> FEASIBLE first=2.2998 valid_at=19.4912 valid=True | 42.4 min
  [S2 271/320] n=20 corpus_median mm_affine/True tau=0 sig=0.5 w=4 noisy -> INFEASIBLE first=None valid_at=None valid=None | 42.4 min
  [S2 272/320] n=20 corpus_median mm_affine/True tau=0 sig=0.5 w=4 noisy -> FEASIBLE first=2.9641 valid_at=18.4004 valid=True | 42.9 min
  [S2 273/320] n=20 flat_single_aspect mm_affine/True tau=0 sig=0.5 w=4 noisy -> H8_IMPOSSIBLE first=None valid_at=None valid=None | 42.9 min
  [S2 274/320] n=20 flat_single_aspect mm_affine/True tau=0 sig=0.5 w=4 noisy -> H8_IMPOSSIBLE first=None valid_at=None valid=None | 42.9 min
  [S2 275/320] n=20 flat_single_aspect mm_affine/True tau=0 sig=0.5 w=4 noisy -> H8_IMPOSSIBLE first=None valid_at=None valid=None | 42.9 min
  [S2 276/320] n=20 flat_single_aspect mm_affine/True tau=0 sig=0.5 w=4 noisy -> H8_IMPOSSIBLE first=None valid_at=None valid=None | 42.9 min
  [S2 277/320] n=20 flat_single_aspect mm_affine/True tau=0 sig=0.5 w=4 noisy -> H8_IMPOSSIBLE first=None valid_at=None valid=None | 42.9 min
  [S2 278/320] n=20 flat_single_aspect mm_affine/True tau=0 sig=0.5 w=4 noisy -> H8_IMPOSSIBLE first=None valid_at=None valid=None | 42.9 min
  [S2 279/320] n=20 flat_single_aspect mm_affine/True tau=0 sig=0.5 w=4 noisy -> H8_IMPOSSIBLE first=None valid_at=None valid=None | 42.9 min
  [S2 280/320] n=20 flat_single_aspect mm_affine/True tau=0 sig=0.5 w=4 noisy -> H8_IMPOSSIBLE first=None valid_at=None valid=None | 42.9 min
  [S2 281/320] n=24 detached mm_affine/True tau=0 sig=0.5 w=4 noisy -> FEASIBLE first=5.0598 valid_at=18.7194 valid=True | 43.4 min
  [S2 282/320] n=24 detached mm_affine/True tau=0 sig=0.5 w=4 noisy -> FEASIBLE first=5.3569 valid_at=19.202 valid=True | 43.9 min
  [S2 283/320] n=24 detached mm_affine/True tau=0 sig=0.5 w=4 noisy -> FEASIBLE first=1.4489 valid_at=6.9959 valid=True | 44.4 min
  [S2 284/320] n=24 detached mm_affine/True tau=0 sig=0.5 w=4 noisy -> INFEASIBLE first=None valid_at=None valid=None | 44.5 min
  [S2 285/320] n=24 detached mm_affine/True tau=0 sig=0.5 w=4 noisy -> FEASIBLE first=2.5056 valid_at=9.331 valid=True | 45.0 min
  [S2 286/320] n=24 detached mm_affine/True tau=0 sig=0.5 w=4 noisy -> FEASIBLE first=8.713 valid_at=21.8014 valid=True | 45.5 min
  [S2 287/320] n=24 detached mm_affine/True tau=0 sig=0.5 w=4 noisy -> FEASIBLE first=2.4229 valid_at=11.8901 valid=True | 46.0 min
  [S2 288/320] n=24 detached mm_affine/True tau=0 sig=0.5 w=4 noisy -> FEASIBLE first=3.2692 valid_at=7.9246 valid=True | 46.5 min
  [S2 289/320] n=24 terrace_mid mm_affine/True tau=0 sig=0.5 w=4 noisy -> FEASIBLE first=2.2813 valid_at=28.5422 valid=True | 47.0 min
  [S2 290/320] n=24 terrace_mid mm_affine/True tau=0 sig=0.5 w=4 noisy -> FEASIBLE first=4.2748 valid_at=17.5871 valid=True | 47.5 min
  [S2 291/320] n=24 terrace_mid mm_affine/True tau=0 sig=0.5 w=4 noisy -> FEASIBLE first=2.0711 valid_at=11.139 valid=True | 48.0 min
  [S2 292/320] n=24 terrace_mid mm_affine/True tau=0 sig=0.5 w=4 noisy -> INFEASIBLE first=None valid_at=None valid=None | 48.0 min
  [S2 293/320] n=24 terrace_mid mm_affine/True tau=0 sig=0.5 w=4 noisy -> FEASIBLE first=2.2841 valid_at=10.9493 valid=True | 48.5 min
  [S2 294/320] n=24 terrace_mid mm_affine/True tau=0 sig=0.5 w=4 noisy -> FEASIBLE first=2.3541 valid_at=None valid=False | 49.1 min
  [S2 295/320] n=24 terrace_mid mm_affine/True tau=0 sig=0.5 w=4 noisy -> INFEASIBLE first=None valid_at=None valid=None | 49.1 min
  [S2 296/320] n=24 terrace_mid mm_affine/True tau=0 sig=0.5 w=4 noisy -> FEASIBLE first=3.4043 valid_at=10.5122 valid=True | 49.6 min
  [S2 297/320] n=24 flat_corner mm_affine/True tau=0 sig=0.5 w=4 noisy -> FEASIBLE first=4.1571 valid_at=26.3706 valid=True | 50.1 min
  [S2 298/320] n=24 flat_corner mm_affine/True tau=0 sig=0.5 w=4 noisy -> FEASIBLE first=4.458 valid_at=None valid=False | 50.6 min
  [S2 299/320] n=24 flat_corner mm_affine/True tau=0 sig=0.5 w=4 noisy -> FEASIBLE first=2.6567 valid_at=9.7299 valid=True | 51.1 min
  [S2 300/320] n=24 flat_corner mm_affine/True tau=0 sig=0.5 w=4 noisy -> INFEASIBLE first=None valid_at=None valid=None | 51.1 min
  [S2 301/320] n=24 flat_corner mm_affine/True tau=0 sig=0.5 w=4 noisy -> FEASIBLE first=1.9055 valid_at=12.6801 valid=True | 51.6 min
  [S2 302/320] n=24 flat_corner mm_affine/True tau=0 sig=0.5 w=4 noisy -> FEASIBLE first=5.6092 valid_at=8.4255 valid=True | 52.1 min
  [S2 303/320] n=24 flat_corner mm_affine/True tau=0 sig=0.5 w=4 noisy -> FEASIBLE first=2.7099 valid_at=22.6129 valid=True | 52.6 min
  [S2 304/320] n=24 flat_corner mm_affine/True tau=0 sig=0.5 w=4 noisy -> FEASIBLE first=3.7368 valid_at=8.8419 valid=True | 53.1 min
  [S2 305/320] n=24 corpus_median mm_affine/True tau=0 sig=0.5 w=4 noisy -> FEASIBLE first=2.9553 valid_at=11.4982 valid=True | 53.7 min
  [S2 306/320] n=24 corpus_median mm_affine/True tau=0 sig=0.5 w=4 noisy -> FEASIBLE first=4.1628 valid_at=11.774 valid=True | 54.2 min
  [S2 307/320] n=24 corpus_median mm_affine/True tau=0 sig=0.5 w=4 noisy -> FEASIBLE first=1.995 valid_at=6.0732 valid=True | 54.7 min
  [S2 308/320] n=24 corpus_median mm_affine/True tau=0 sig=0.5 w=4 noisy -> INFEASIBLE first=None valid_at=None valid=None | 54.7 min
  [S2 309/320] n=24 corpus_median mm_affine/True tau=0 sig=0.5 w=4 noisy -> FEASIBLE first=1.4363 valid_at=21.0901 valid=True | 55.2 min
  [S2 310/320] n=24 corpus_median mm_affine/True tau=0 sig=0.5 w=4 noisy -> FEASIBLE first=2.5297 valid_at=11.0299 valid=True | 55.7 min
  [S2 311/320] n=24 corpus_median mm_affine/True tau=0 sig=0.5 w=4 noisy -> INFEASIBLE first=None valid_at=None valid=None | 55.7 min
  [S2 312/320] n=24 corpus_median mm_affine/True tau=0 sig=0.5 w=4 noisy -> FEASIBLE first=3.4889 valid_at=14.9708 valid=True | 56.2 min
  [S2 313/320] n=24 flat_single_aspect mm_affine/True tau=0 sig=0.5 w=4 noisy -> H8_IMPOSSIBLE first=None valid_at=None valid=None | 56.2 min
  [S2 314/320] n=24 flat_single_aspect mm_affine/True tau=0 sig=0.5 w=4 noisy -> H8_IMPOSSIBLE first=None valid_at=None valid=None | 56.2 min
  [S2 315/320] n=24 flat_single_aspect mm_affine/True tau=0 sig=0.5 w=4 noisy -> H8_IMPOSSIBLE first=None valid_at=None valid=None | 56.2 min
  [S2 316/320] n=24 flat_single_aspect mm_affine/True tau=0 sig=0.5 w=4 noisy -> H8_IMPOSSIBLE first=None valid_at=None valid=None | 56.2 min
  [S2 317/320] n=24 flat_single_aspect mm_affine/True tau=0 sig=0.5 w=4 noisy -> H8_IMPOSSIBLE first=None valid_at=None valid=None | 56.2 min
  [S2 318/320] n=24 flat_single_aspect mm_affine/True tau=0 sig=0.5 w=4 noisy -> H8_IMPOSSIBLE first=None valid_at=None valid=None | 56.2 min
  [S2 319/320] n=24 flat_single_aspect mm_affine/True tau=0 sig=0.5 w=4 noisy -> H8_IMPOSSIBLE first=None valid_at=None valid=None | 56.2 min
  [S2 320/320] n=24 flat_single_aspect mm_affine/True tau=0 sig=0.5 w=4 noisy -> H8_IMPOSSIBLE first=None valid_at=None valid=None | 56.2 min
[S2] done in 56.2 min
[S5] 60 rows, 0 done, 60 to run -> C:\Users\tng\g2p\bim-engine\experiments\solver-toy\results\S5.jsonl
  [S5 1/60] n=6 corpus_median mm_affine/True tau=0 sig=0.5 w=4 degenerate -> NO_BRIEF first=None valid_at=None valid=None | 0.0 min
  [S5 2/60] n=6 corpus_median mm_affine/True tau=0 sig=0.5 w=4 degenerate -> NO_BRIEF first=None valid_at=None valid=None | 0.0 min
  [S5 3/60] n=6 corpus_median mm_affine/True tau=0 sig=0.5 w=4 degenerate -> NO_BRIEF first=None valid_at=None valid=None | 0.0 min
  [S5 4/60] n=6 corpus_median mm_affine/True tau=0 sig=0.5 w=4 degenerate -> NO_BRIEF first=None valid_at=None valid=None | 0.0 min
  [S5 5/60] n=6 corpus_median mm_affine/True tau=0 sig=0.5 w=4 degenerate -> NO_BRIEF first=None valid_at=None valid=None | 0.0 min
  [S5 6/60] n=6 corpus_median mm_affine/True tau=0 sig=0.5 w=4 degenerate -> NO_BRIEF first=None valid_at=None valid=None | 0.0 min
  [S5 7/60] n=6 corpus_median mm_affine/True tau=0 sig=0.5 w=4 shuffled -> NO_BRIEF first=None valid_at=None valid=None | 0.0 min
  [S5 8/60] n=6 corpus_median mm_affine/True tau=0 sig=0.5 w=4 shuffled -> NO_BRIEF first=None valid_at=None valid=None | 0.0 min
  [S5 9/60] n=6 corpus_median mm_affine/True tau=0 sig=0.5 w=4 shuffled -> NO_BRIEF first=None valid_at=None valid=None | 0.0 min
  [S5 10/60] n=6 corpus_median mm_affine/True tau=0 sig=0.5 w=4 shuffled -> NO_BRIEF first=None valid_at=None valid=None | 0.0 min
  [S5 11/60] n=6 corpus_median mm_affine/True tau=0 sig=0.5 w=4 shuffled -> NO_BRIEF first=None valid_at=None valid=None | 0.0 min
  [S5 12/60] n=6 corpus_median mm_affine/True tau=0 sig=0.5 w=4 shuffled -> NO_BRIEF first=None valid_at=None valid=None | 0.0 min
  [S5 13/60] n=8 corpus_median mm_affine/True tau=0 sig=0.5 w=4 degenerate -> FEASIBLE first=0.1968 valid_at=0.2646 valid=True | 0.5 min
  [S5 14/60] n=8 corpus_median mm_affine/True tau=0 sig=0.5 w=4 degenerate -> FEASIBLE first=0.1954 valid_at=0.2875 valid=True | 1.0 min
  [S5 15/60] n=8 corpus_median mm_affine/True tau=0 sig=0.5 w=4 degenerate -> FEASIBLE first=0.2008 valid_at=0.2453 valid=True | 1.5 min
  [S5 16/60] n=8 corpus_median mm_affine/True tau=0 sig=0.5 w=4 degenerate -> FEASIBLE first=0.2036 valid_at=0.3593 valid=True | 2.0 min
  [S5 17/60] n=8 corpus_median mm_affine/True tau=0 sig=0.5 w=4 degenerate -> FEASIBLE first=0.2029 valid_at=0.2477 valid=True | 2.5 min
  [S5 18/60] n=8 corpus_median mm_affine/True tau=0 sig=0.5 w=4 degenerate -> FEASIBLE first=0.2025 valid_at=0.2395 valid=True | 3.0 min
  [S5 19/60] n=8 corpus_median mm_affine/True tau=0 sig=0.5 w=4 shuffled -> INFEASIBLE first=None valid_at=None valid=None | 3.0 min
  [S5 20/60] n=8 corpus_median mm_affine/True tau=0 sig=0.5 w=4 shuffled -> INFEASIBLE first=None valid_at=None valid=None | 3.0 min
  [S5 21/60] n=8 corpus_median mm_affine/True tau=0 sig=0.5 w=4 shuffled -> INFEASIBLE first=None valid_at=None valid=None | 3.0 min
  [S5 22/60] n=8 corpus_median mm_affine/True tau=0 sig=0.5 w=4 shuffled -> INFEASIBLE first=None valid_at=None valid=None | 3.0 min
  [S5 23/60] n=8 corpus_median mm_affine/True tau=0 sig=0.5 w=4 shuffled -> INFEASIBLE first=None valid_at=None valid=None | 3.0 min
  [S5 24/60] n=8 corpus_median mm_affine/True tau=0 sig=0.5 w=4 shuffled -> INFEASIBLE first=None valid_at=None valid=None | 3.0 min
  [S5 25/60] n=12 corpus_median mm_affine/True tau=0 sig=0.5 w=4 degenerate -> FEASIBLE first=0.5436 valid_at=2.7308 valid=True | 3.5 min
  [S5 26/60] n=12 corpus_median mm_affine/True tau=0 sig=0.5 w=4 degenerate -> FEASIBLE first=0.8768 valid_at=1.0294 valid=True | 4.0 min
  [S5 27/60] n=12 corpus_median mm_affine/True tau=0 sig=0.5 w=4 degenerate -> FEASIBLE first=0.6248 valid_at=3.449 valid=True | 4.5 min
  [S5 28/60] n=12 corpus_median mm_affine/True tau=0 sig=0.5 w=4 degenerate -> FEASIBLE first=0.6728 valid_at=3.4507 valid=True | 5.0 min
  [S5 29/60] n=12 corpus_median mm_affine/True tau=0 sig=0.5 w=4 degenerate -> FEASIBLE first=0.7092 valid_at=1.2704 valid=True | 5.5 min
  [S5 30/60] n=12 corpus_median mm_affine/True tau=0 sig=0.5 w=4 degenerate -> FEASIBLE first=0.7551 valid_at=1.3997 valid=True | 6.0 min
  [S5 31/60] n=12 corpus_median mm_affine/True tau=0 sig=0.5 w=4 shuffled -> INFEASIBLE first=None valid_at=None valid=None | 6.0 min
  [S5 32/60] n=12 corpus_median mm_affine/True tau=0 sig=0.5 w=4 shuffled -> INFEASIBLE first=None valid_at=None valid=None | 6.0 min
  [S5 33/60] n=12 corpus_median mm_affine/True tau=0 sig=0.5 w=4 shuffled -> INFEASIBLE first=None valid_at=None valid=None | 6.0 min
  [S5 34/60] n=12 corpus_median mm_affine/True tau=0 sig=0.5 w=4 shuffled -> INFEASIBLE first=None valid_at=None valid=None | 6.0 min
  [S5 35/60] n=12 corpus_median mm_affine/True tau=0 sig=0.5 w=4 shuffled -> INFEASIBLE first=None valid_at=None valid=None | 6.0 min
  [S5 36/60] n=12 corpus_median mm_affine/True tau=0 sig=0.5 w=4 shuffled -> INFEASIBLE first=None valid_at=None valid=None | 6.0 min
  [S5 37/60] n=16 corpus_median mm_affine/True tau=0 sig=0.5 w=4 degenerate -> FEASIBLE first=1.7303 valid_at=7.152 valid=True | 6.6 min
  [S5 38/60] n=16 corpus_median mm_affine/True tau=0 sig=0.5 w=4 degenerate -> FEASIBLE first=1.5945 valid_at=3.6522 valid=True | 7.1 min
  [S5 39/60] n=16 corpus_median mm_affine/True tau=0 sig=0.5 w=4 degenerate -> FEASIBLE first=1.2971 valid_at=5.6089 valid=True | 7.6 min
  [S5 40/60] n=16 corpus_median mm_affine/True tau=0 sig=0.5 w=4 degenerate -> FEASIBLE first=1.9651 valid_at=9.6123 valid=True | 8.1 min
  [S5 41/60] n=16 corpus_median mm_affine/True tau=0 sig=0.5 w=4 degenerate -> FEASIBLE first=3.0465 valid_at=15.9854 valid=True | 8.6 min
  [S5 42/60] n=16 corpus_median mm_affine/True tau=0 sig=0.5 w=4 degenerate -> FEASIBLE first=1.8567 valid_at=5.9797 valid=True | 9.1 min
  [S5 43/60] n=16 corpus_median mm_affine/True tau=0 sig=0.5 w=4 shuffled -> INFEASIBLE first=None valid_at=None valid=None | 9.1 min
  [S5 44/60] n=16 corpus_median mm_affine/True tau=0 sig=0.5 w=4 shuffled -> INFEASIBLE first=None valid_at=None valid=None | 9.1 min
  [S5 45/60] n=16 corpus_median mm_affine/True tau=0 sig=0.5 w=4 shuffled -> INFEASIBLE first=None valid_at=None valid=None | 9.1 min
  [S5 46/60] n=16 corpus_median mm_affine/True tau=0 sig=0.5 w=4 shuffled -> INFEASIBLE first=None valid_at=None valid=None | 9.1 min
  [S5 47/60] n=16 corpus_median mm_affine/True tau=0 sig=0.5 w=4 shuffled -> INFEASIBLE first=None valid_at=None valid=None | 9.1 min
  [S5 48/60] n=16 corpus_median mm_affine/True tau=0 sig=0.5 w=4 shuffled -> INFEASIBLE first=None valid_at=None valid=None | 9.1 min
  [S5 49/60] n=24 corpus_median mm_affine/True tau=0 sig=0.5 w=4 degenerate -> FEASIBLE first=8.5786 valid_at=None valid=False | 9.6 min
  [S5 50/60] n=24 corpus_median mm_affine/True tau=0 sig=0.5 w=4 degenerate -> FEASIBLE first=20.1545 valid_at=None valid=False | 10.1 min
  [S5 51/60] n=24 corpus_median mm_affine/True tau=0 sig=0.5 w=4 degenerate -> FEASIBLE first=8.201 valid_at=None valid=False | 10.6 min
  [S5 52/60] n=24 corpus_median mm_affine/True tau=0 sig=0.5 w=4 degenerate -> FEASIBLE first=4.1079 valid_at=None valid=False | 11.1 min
  [S5 53/60] n=24 corpus_median mm_affine/True tau=0 sig=0.5 w=4 degenerate -> FEASIBLE first=9.2952 valid_at=17.3576 valid=True | 11.6 min
  [S5 54/60] n=24 corpus_median mm_affine/True tau=0 sig=0.5 w=4 degenerate -> FEASIBLE first=6.5379 valid_at=None valid=False | 12.2 min
  [S5 55/60] n=24 corpus_median mm_affine/True tau=0 sig=0.5 w=4 shuffled -> INFEASIBLE first=None valid_at=None valid=None | 12.2 min
  [S5 56/60] n=24 corpus_median mm_affine/True tau=0 sig=0.5 w=4 shuffled -> INFEASIBLE first=None valid_at=None valid=None | 12.2 min
  [S5 57/60] n=24 corpus_median mm_affine/True tau=0 sig=0.5 w=4 shuffled -> INFEASIBLE first=None valid_at=None valid=None | 12.2 min
  [S5 58/60] n=24 corpus_median mm_affine/True tau=0 sig=0.5 w=4 shuffled -> INFEASIBLE first=None valid_at=None valid=None | 12.2 min
  [S5 59/60] n=24 corpus_median mm_affine/True tau=0 sig=0.5 w=4 shuffled -> INFEASIBLE first=None valid_at=None valid=None | 12.2 min
  [S5 60/60] n=24 corpus_median mm_affine/True tau=0 sig=0.5 w=4 shuffled -> INFEASIBLE first=None valid_at=None valid=None | 12.2 min
[S5] done in 12.2 min
[S6] 45 rows, 0 done, 45 to run -> C:\Users\tng\g2p\bim-engine\experiments\solver-toy\results\S6.jsonl
  [S6 1/45] n=8 corpus_median mm_affine/True tau=0 sig=0.5 w=1 noisy -> OPTIMAL first=0.0996 valid_at=0.8884 valid=True | 0.0 min
  [S6 2/45] n=8 corpus_median mm_affine/True tau=0 sig=0.5 w=1 noisy -> OPTIMAL first=0.1353 valid_at=1.5567 valid=True | 0.0 min
  [S6 3/45] n=8 corpus_median mm_affine/True tau=0 sig=0.5 w=1 noisy -> OPTIMAL first=0.0809 valid_at=None valid=False | 0.2 min
  [S6 4/45] n=8 corpus_median mm_affine/True tau=0 sig=0.5 w=1 noisy -> OPTIMAL first=0.0859 valid_at=None valid=False | 0.3 min
  [S6 5/45] n=8 corpus_median mm_affine/True tau=0 sig=0.5 w=1 noisy -> OPTIMAL first=0.0773 valid_at=None valid=False | 0.4 min
  [S6 6/45] n=8 corpus_median mm_affine/True tau=0 sig=0.5 w=2 noisy -> OPTIMAL first=0.1005 valid_at=0.2404 valid=True | 0.4 min
  [S6 7/45] n=8 corpus_median mm_affine/True tau=0 sig=0.5 w=2 noisy -> OPTIMAL first=0.1245 valid_at=0.7625 valid=True | 0.4 min
  [S6 8/45] n=8 corpus_median mm_affine/True tau=0 sig=0.5 w=2 noisy -> OPTIMAL first=0.0818 valid_at=None valid=False | 0.5 min
  [S6 9/45] n=8 corpus_median mm_affine/True tau=0 sig=0.5 w=2 noisy -> OPTIMAL first=0.0885 valid_at=None valid=False | 0.6 min
  [S6 10/45] n=8 corpus_median mm_affine/True tau=0 sig=0.5 w=2 noisy -> OPTIMAL first=0.0828 valid_at=None valid=False | 0.7 min
  [S6 11/45] n=8 corpus_median mm_affine/True tau=0 sig=0.5 w=4 noisy -> OPTIMAL first=0.0968 valid_at=0.1715 valid=True | 0.7 min
  [S6 12/45] n=8 corpus_median mm_affine/True tau=0 sig=0.5 w=4 noisy -> OPTIMAL first=0.1098 valid_at=0.1916 valid=True | 0.7 min
  [S6 13/45] n=8 corpus_median mm_affine/True tau=0 sig=0.5 w=4 noisy -> OPTIMAL first=0.0771 valid_at=None valid=False | 0.8 min
  [S6 14/45] n=8 corpus_median mm_affine/True tau=0 sig=0.5 w=4 noisy -> OPTIMAL first=0.0809 valid_at=None valid=False | 0.9 min
  [S6 15/45] n=8 corpus_median mm_affine/True tau=0 sig=0.5 w=4 noisy -> OPTIMAL first=0.0748 valid_at=None valid=False | 0.9 min
  [S6 16/45] n=12 corpus_median mm_affine/True tau=0 sig=0.5 w=1 noisy -> FEASIBLE first=0.277 valid_at=7.9433 valid=True | 1.4 min
  [S6 17/45] n=12 corpus_median mm_affine/True tau=0 sig=0.5 w=1 noisy -> FEASIBLE first=0.3841 valid_at=None valid=False | 1.9 min
  [S6 18/45] n=12 corpus_median mm_affine/True tau=0 sig=0.5 w=1 noisy -> FEASIBLE first=0.4143 valid_at=None valid=False | 2.4 min
  [S6 19/45] n=12 corpus_median mm_affine/True tau=0 sig=0.5 w=1 noisy -> INFEASIBLE first=None valid_at=None valid=None | 2.4 min
  [S6 20/45] n=12 corpus_median mm_affine/True tau=0 sig=0.5 w=1 noisy -> INFEASIBLE first=None valid_at=None valid=None | 2.4 min
  [S6 21/45] n=12 corpus_median mm_affine/True tau=0 sig=0.5 w=2 noisy -> FEASIBLE first=0.2805 valid_at=2.1814 valid=True | 2.9 min
  [S6 22/45] n=12 corpus_median mm_affine/True tau=0 sig=0.5 w=2 noisy -> FEASIBLE first=0.3984 valid_at=1.8618 valid=True | 3.4 min
  [S6 23/45] n=12 corpus_median mm_affine/True tau=0 sig=0.5 w=2 noisy -> FEASIBLE first=0.3852 valid_at=None valid=False | 3.9 min
  [S6 24/45] n=12 corpus_median mm_affine/True tau=0 sig=0.5 w=2 noisy -> INFEASIBLE first=None valid_at=None valid=None | 3.9 min
  [S6 25/45] n=12 corpus_median mm_affine/True tau=0 sig=0.5 w=2 noisy -> INFEASIBLE first=None valid_at=None valid=None | 3.9 min
  [S6 26/45] n=12 corpus_median mm_affine/True tau=0 sig=0.5 w=4 noisy -> FEASIBLE first=0.2589 valid_at=0.3733 valid=True | 4.4 min
  [S6 27/45] n=12 corpus_median mm_affine/True tau=0 sig=0.5 w=4 noisy -> FEASIBLE first=0.3697 valid_at=2.0228 valid=True | 4.9 min
  [S6 28/45] n=12 corpus_median mm_affine/True tau=0 sig=0.5 w=4 noisy -> FEASIBLE first=0.3618 valid_at=None valid=False | 5.4 min
  [S6 29/45] n=12 corpus_median mm_affine/True tau=0 sig=0.5 w=4 noisy -> INFEASIBLE first=None valid_at=None valid=None | 5.4 min
  [S6 30/45] n=12 corpus_median mm_affine/True tau=0 sig=0.5 w=4 noisy -> INFEASIBLE first=None valid_at=None valid=None | 5.5 min
  [S6 31/45] n=24 corpus_median mm_affine/True tau=0 sig=0.5 w=1 noisy -> FEASIBLE first=2.9948 valid_at=None valid=False | 6.0 min
  [S6 32/45] n=24 corpus_median mm_affine/True tau=0 sig=0.5 w=1 noisy -> FEASIBLE first=3.4374 valid_at=None valid=False | 6.5 min
  [S6 33/45] n=24 corpus_median mm_affine/True tau=0 sig=0.5 w=1 noisy -> FEASIBLE first=1.9454 valid_at=None valid=False | 7.0 min
  [S6 34/45] n=24 corpus_median mm_affine/True tau=0 sig=0.5 w=1 noisy -> INFEASIBLE first=None valid_at=None valid=None | 7.0 min
  [S6 35/45] n=24 corpus_median mm_affine/True tau=0 sig=0.5 w=1 noisy -> FEASIBLE first=1.4034 valid_at=None valid=False | 7.5 min
  [S6 36/45] n=24 corpus_median mm_affine/True tau=0 sig=0.5 w=2 noisy -> FEASIBLE first=2.873 valid_at=14.1695 valid=True | 8.0 min
  [S6 37/45] n=24 corpus_median mm_affine/True tau=0 sig=0.5 w=2 noisy -> FEASIBLE first=3.5982 valid_at=None valid=False | 8.5 min
  [S6 38/45] n=24 corpus_median mm_affine/True tau=0 sig=0.5 w=2 noisy -> FEASIBLE first=1.9851 valid_at=3.3855 valid=True | 9.0 min
  [S6 39/45] n=24 corpus_median mm_affine/True tau=0 sig=0.5 w=2 noisy -> INFEASIBLE first=None valid_at=None valid=None | 9.0 min
  [S6 40/45] n=24 corpus_median mm_affine/True tau=0 sig=0.5 w=2 noisy -> FEASIBLE first=1.4162 valid_at=13.0631 valid=True | 9.5 min
  [S6 41/45] n=24 corpus_median mm_affine/True tau=0 sig=0.5 w=4 noisy -> FEASIBLE first=2.948 valid_at=None valid=False | 10.0 min
  [S6 42/45] n=24 corpus_median mm_affine/True tau=0 sig=0.5 w=4 noisy -> FEASIBLE first=4.2173 valid_at=17.6548 valid=True | 10.5 min
  [S6 43/45] n=24 corpus_median mm_affine/True tau=0 sig=0.5 w=4 noisy -> FEASIBLE first=2.0173 valid_at=6.4538 valid=True | 11.0 min
  [S6 44/45] n=24 corpus_median mm_affine/True tau=0 sig=0.5 w=4 noisy -> INFEASIBLE first=None valid_at=None valid=None | 11.1 min
  [S6 45/45] n=24 corpus_median mm_affine/True tau=0 sig=0.5 w=4 noisy -> FEASIBLE first=1.435 valid_at=13.8394 valid=True | 11.6 min
[S6] done in 11.6 min
[S4] 120 rows, 0 done, 120 to run -> C:\Users\tng\g2p\bim-engine\experiments\solver-toy\results\S4.jsonl
  [S4 1/120] n=8 detached mm_affine/True tau=0 sig=0.5 w=4 noisy -> OPTIMAL first=0.1032 valid_at=0.221 valid=True | 0.0 min
  [S4 2/120] n=8 detached mm_affine/True tau=0 sig=0.5 w=4 noisy -> OPTIMAL first=0.0796 valid_at=None valid=False | 0.0 min
  [S4 3/120] n=8 detached mm_affine/True tau=0 sig=0.5 w=4 noisy -> OPTIMAL first=0.0814 valid_at=None valid=False | 0.3 min
  [S4 4/120] n=8 detached mm_affine/True tau=0 sig=0.5 w=4 noisy -> OPTIMAL first=0.0983 valid_at=0.1184 valid=True | 0.3 min
  [S4 5/120] n=8 detached mm_affine/True tau=0 sig=0.5 w=4 noisy -> OPTIMAL first=0.0793 valid_at=0.0856 valid=True | 0.3 min
  [S4 6/120] n=8 detached mm_affine/True tau=1 sig=0.5 w=4 noisy -> OPTIMAL first=0.107 valid_at=0.188 valid=True | 0.3 min
  [S4 7/120] n=8 detached mm_affine/True tau=1 sig=0.5 w=4 noisy -> OPTIMAL first=0.0795 valid_at=None valid=False | 0.4 min
  [S4 8/120] n=8 detached mm_affine/True tau=1 sig=0.5 w=4 noisy -> OPTIMAL first=0.0815 valid_at=None valid=False | 0.6 min
  [S4 9/120] n=8 detached mm_affine/True tau=1 sig=0.5 w=4 noisy -> OPTIMAL first=0.097 valid_at=0.1171 valid=True | 0.6 min
  [S4 10/120] n=8 detached mm_affine/True tau=1 sig=0.5 w=4 noisy -> OPTIMAL first=0.0843 valid_at=0.1009 valid=True | 0.6 min
  [S4 11/120] n=8 detached mm_affine/True tau=2 sig=0.5 w=4 noisy -> OPTIMAL first=0.108 valid_at=0.1912 valid=True | 0.7 min
  [S4 12/120] n=8 detached mm_affine/True tau=2 sig=0.5 w=4 noisy -> OPTIMAL first=0.0777 valid_at=None valid=False | 0.7 min
  [S4 13/120] n=8 detached mm_affine/True tau=2 sig=0.5 w=4 noisy -> OPTIMAL first=0.0927 valid_at=0.1704 valid=True | 0.7 min
  [S4 14/120] n=8 detached mm_affine/True tau=2 sig=0.5 w=4 noisy -> OPTIMAL first=0.0997 valid_at=0.1198 valid=True | 0.7 min
  [S4 15/120] n=8 detached mm_affine/True tau=2 sig=0.5 w=4 noisy -> OPTIMAL first=0.09 valid_at=0.1001 valid=True | 0.7 min
  [S4 16/120] n=8 detached mm_affine/True tau=4 sig=0.5 w=4 noisy -> OPTIMAL first=0.1153 valid_at=0.2705 valid=True | 0.7 min
  [S4 17/120] n=8 detached mm_affine/True tau=4 sig=0.5 w=4 noisy -> OPTIMAL first=0.0801 valid_at=None valid=False | 0.7 min
  [S4 18/120] n=8 detached mm_affine/True tau=4 sig=0.5 w=4 noisy -> OPTIMAL first=0.1069 valid_at=0.2566 valid=True | 0.8 min
  [S4 19/120] n=8 detached mm_affine/True tau=4 sig=0.5 w=4 noisy -> OPTIMAL first=0.0979 valid_at=0.1194 valid=True | 0.8 min
  [S4 20/120] n=8 detached mm_affine/True tau=4 sig=0.5 w=4 noisy -> OPTIMAL first=0.0919 valid_at=0.1014 valid=True | 0.8 min
  [S4 21/120] n=8 detached mm_affine/True tau=6 sig=0.5 w=4 noisy -> OPTIMAL first=0.1305 valid_at=0.2501 valid=True | 0.8 min
  [S4 22/120] n=8 detached mm_affine/True tau=6 sig=0.5 w=4 noisy -> OPTIMAL first=0.0814 valid_at=None valid=False | 0.8 min
  [S4 23/120] n=8 detached mm_affine/True tau=6 sig=0.5 w=4 noisy -> OPTIMAL first=0.1331 valid_at=0.4593 valid=True | 1.0 min
  [S4 24/120] n=8 detached mm_affine/True tau=6 sig=0.5 w=4 noisy -> OPTIMAL first=0.122 valid_at=0.1288 valid=True | 1.0 min
  [S4 25/120] n=8 detached mm_affine/True tau=6 sig=0.5 w=4 noisy -> OPTIMAL first=0.0907 valid_at=0.1001 valid=True | 1.0 min
  [S4 26/120] n=8 detached mm_affine/True tau=10 sig=0.5 w=4 noisy -> OPTIMAL first=0.1661 valid_at=0.2508 valid=True | 1.1 min
  [S4 27/120] n=8 detached mm_affine/True tau=10 sig=0.5 w=4 noisy -> OPTIMAL first=0.1721 valid_at=0.2949 valid=True | 1.3 min
  [S4 28/120] n=8 detached mm_affine/True tau=10 sig=0.5 w=4 noisy -> FEASIBLE first=0.1895 valid_at=0.2295 valid=True | 1.8 min
  [S4 29/120] n=8 detached mm_affine/True tau=10 sig=0.5 w=4 noisy -> OPTIMAL first=0.1565 valid_at=0.2657 valid=True | 1.8 min
  [S4 30/120] n=8 detached mm_affine/True tau=10 sig=0.5 w=4 noisy -> OPTIMAL first=0.1214 valid_at=0.1787 valid=True | 1.8 min
  [S4 31/120] n=8 corpus_median mm_affine/True tau=0 sig=0.5 w=4 noisy -> OPTIMAL first=0.0903 valid_at=0.1666 valid=True | 1.8 min
  [S4 32/120] n=8 corpus_median mm_affine/True tau=0 sig=0.5 w=4 noisy -> OPTIMAL first=0.1069 valid_at=0.1893 valid=True | 1.8 min
  [S4 33/120] n=8 corpus_median mm_affine/True tau=0 sig=0.5 w=4 noisy -> OPTIMAL first=0.0709 valid_at=None valid=False | 1.9 min
  [S4 34/120] n=8 corpus_median mm_affine/True tau=0 sig=0.5 w=4 noisy -> OPTIMAL first=0.0778 valid_at=None valid=False | 1.9 min
  [S4 35/120] n=8 corpus_median mm_affine/True tau=0 sig=0.5 w=4 noisy -> OPTIMAL first=0.0712 valid_at=None valid=False | 2.0 min
  [S4 36/120] n=8 corpus_median mm_affine/True tau=1 sig=0.5 w=4 noisy -> OPTIMAL first=0.0908 valid_at=0.1657 valid=True | 2.0 min
  [S4 37/120] n=8 corpus_median mm_affine/True tau=1 sig=0.5 w=4 noisy -> OPTIMAL first=0.1033 valid_at=0.1866 valid=True | 2.0 min
  [S4 38/120] n=8 corpus_median mm_affine/True tau=1 sig=0.5 w=4 noisy -> OPTIMAL first=0.0701 valid_at=None valid=False | 2.1 min
  [S4 39/120] n=8 corpus_median mm_affine/True tau=1 sig=0.5 w=4 noisy -> OPTIMAL first=0.0746 valid_at=None valid=False | 2.2 min
  [S4 40/120] n=8 corpus_median mm_affine/True tau=1 sig=0.5 w=4 noisy -> OPTIMAL first=0.0724 valid_at=None valid=False | 2.2 min
  [S4 41/120] n=8 corpus_median mm_affine/True tau=2 sig=0.5 w=4 noisy -> OPTIMAL first=0.0901 valid_at=0.1734 valid=True | 2.2 min
  [S4 42/120] n=8 corpus_median mm_affine/True tau=2 sig=0.5 w=4 noisy -> OPTIMAL first=0.1052 valid_at=0.1859 valid=True | 2.2 min
  [S4 43/120] n=8 corpus_median mm_affine/True tau=2 sig=0.5 w=4 noisy -> OPTIMAL first=0.0701 valid_at=None valid=False | 2.3 min
  [S4 44/120] n=8 corpus_median mm_affine/True tau=2 sig=0.5 w=4 noisy -> OPTIMAL first=0.0746 valid_at=None valid=False | 2.4 min
  [S4 45/120] n=8 corpus_median mm_affine/True tau=2 sig=0.5 w=4 noisy -> OPTIMAL first=0.091 valid_at=None valid=False | 2.6 min
  [S4 46/120] n=8 corpus_median mm_affine/True tau=4 sig=0.5 w=4 noisy -> OPTIMAL first=0.1221 valid_at=0.349 valid=True | 2.6 min
  [S4 47/120] n=8 corpus_median mm_affine/True tau=4 sig=0.5 w=4 noisy -> OPTIMAL first=0.1236 valid_at=0.2355 valid=True | 2.7 min
  [S4 48/120] n=8 corpus_median mm_affine/True tau=4 sig=0.5 w=4 noisy -> OPTIMAL first=0.0987 valid_at=0.2035 valid=True | 2.9 min
  [S4 49/120] n=8 corpus_median mm_affine/True tau=4 sig=0.5 w=4 noisy -> OPTIMAL first=0.0772 valid_at=None valid=False | 3.0 min
  [S4 50/120] n=8 corpus_median mm_affine/True tau=4 sig=0.5 w=4 noisy -> OPTIMAL first=0.0795 valid_at=None valid=False | 3.3 min
  [S4 51/120] n=8 corpus_median mm_affine/True tau=6 sig=0.5 w=4 noisy -> OPTIMAL first=0.1394 valid_at=0.2367 valid=True | 3.3 min
  [S4 52/120] n=8 corpus_median mm_affine/True tau=6 sig=0.5 w=4 noisy -> OPTIMAL first=0.1219 valid_at=0.2319 valid=True | 3.4 min
  [S4 53/120] n=8 corpus_median mm_affine/True tau=6 sig=0.5 w=4 noisy -> OPTIMAL first=0.0956 valid_at=0.2285 valid=True | 3.6 min
  [S4 54/120] n=8 corpus_median mm_affine/True tau=6 sig=0.5 w=4 noisy -> OPTIMAL first=0.1049 valid_at=None valid=False | 4.1 min
  [S4 55/120] n=8 corpus_median mm_affine/True tau=6 sig=0.5 w=4 noisy -> OPTIMAL first=0.0781 valid_at=None valid=False | 4.4 min
  [S4 56/120] n=8 corpus_median mm_affine/True tau=10 sig=0.5 w=4 noisy -> OPTIMAL first=0.1357 valid_at=0.585 valid=True | 4.5 min
  [S4 57/120] n=8 corpus_median mm_affine/True tau=10 sig=0.5 w=4 noisy -> OPTIMAL first=0.1631 valid_at=0.1631 valid=True | 4.7 min
  [S4 58/120] n=8 corpus_median mm_affine/True tau=10 sig=0.5 w=4 noisy -> OPTIMAL first=0.1107 valid_at=0.4711 valid=True | 5.0 min
  [S4 59/120] n=8 corpus_median mm_affine/True tau=10 sig=0.5 w=4 noisy -> OPTIMAL first=0.1047 valid_at=None valid=False | 5.4 min
  [S4 60/120] n=8 corpus_median mm_affine/True tau=10 sig=0.5 w=4 noisy -> OPTIMAL first=0.1133 valid_at=0.115 valid=True | 5.4 min
  [S4 61/120] n=24 detached mm_affine/True tau=0 sig=0.5 w=4 noisy -> FEASIBLE first=3.0288 valid_at=13.9668 valid=True | 5.9 min
  [S4 62/120] n=24 detached mm_affine/True tau=0 sig=0.5 w=4 noisy -> FEASIBLE first=4.7783 valid_at=15.56 valid=True | 6.4 min
  [S4 63/120] n=24 detached mm_affine/True tau=0 sig=0.5 w=4 noisy -> FEASIBLE first=1.3021 valid_at=7.0412 valid=True | 6.9 min
  [S4 64/120] n=24 detached mm_affine/True tau=0 sig=0.5 w=4 noisy -> INFEASIBLE first=None valid_at=None valid=None | 6.9 min
  [S4 65/120] n=24 detached mm_affine/True tau=0 sig=0.5 w=4 noisy -> FEASIBLE first=2.3496 valid_at=11.516 valid=True | 7.5 min
  [S4 66/120] n=24 detached mm_affine/True tau=1 sig=0.5 w=4 noisy -> FEASIBLE first=2.5527 valid_at=7.5186 valid=True | 8.0 min
  [S4 67/120] n=24 detached mm_affine/True tau=1 sig=0.5 w=4 noisy -> FEASIBLE first=4.5727 valid_at=21.8788 valid=True | 8.5 min
  [S4 68/120] n=24 detached mm_affine/True tau=1 sig=0.5 w=4 noisy -> FEASIBLE first=1.4287 valid_at=6.1567 valid=True | 9.0 min
  [S4 69/120] n=24 detached mm_affine/True tau=1 sig=0.5 w=4 noisy -> INFEASIBLE first=None valid_at=None valid=None | 9.0 min
  [S4 70/120] n=24 detached mm_affine/True tau=1 sig=0.5 w=4 noisy -> FEASIBLE first=2.4725 valid_at=16.3292 valid=True | 9.5 min
  [S4 71/120] n=24 detached mm_affine/True tau=2 sig=0.5 w=4 noisy -> FEASIBLE first=4.2191 valid_at=15.5096 valid=True | 10.0 min
  [S4 72/120] n=24 detached mm_affine/True tau=2 sig=0.5 w=4 noisy -> FEASIBLE first=4.5851 valid_at=16.2405 valid=True | 10.5 min
  [S4 73/120] n=24 detached mm_affine/True tau=2 sig=0.5 w=4 noisy -> FEASIBLE first=1.463 valid_at=None valid=False | 11.0 min
  [S4 74/120] n=24 detached mm_affine/True tau=2 sig=0.5 w=4 noisy -> INFEASIBLE first=None valid_at=None valid=None | 11.0 min
  [S4 75/120] n=24 detached mm_affine/True tau=2 sig=0.5 w=4 noisy -> FEASIBLE first=2.6273 valid_at=10.1114 valid=True | 11.5 min
  [S4 76/120] n=24 detached mm_affine/True tau=4 sig=0.5 w=4 noisy -> FEASIBLE first=4.376 valid_at=12.238 valid=True | 12.0 min
  [S4 77/120] n=24 detached mm_affine/True tau=4 sig=0.5 w=4 noisy -> FEASIBLE first=5.3972 valid_at=12.3426 valid=True | 12.5 min
  [S4 78/120] n=24 detached mm_affine/True tau=4 sig=0.5 w=4 noisy -> FEASIBLE first=1.6904 valid_at=8.1834 valid=True | 13.0 min
  [S4 79/120] n=24 detached mm_affine/True tau=4 sig=0.5 w=4 noisy -> INFEASIBLE first=None valid_at=None valid=None | 13.1 min
  [S4 80/120] n=24 detached mm_affine/True tau=4 sig=0.5 w=4 noisy -> FEASIBLE first=2.7957 valid_at=15.8606 valid=True | 13.6 min
  [S4 81/120] n=24 detached mm_affine/True tau=6 sig=0.5 w=4 noisy -> FEASIBLE first=4.7368 valid_at=11.9888 valid=True | 14.1 min
  [S4 82/120] n=24 detached mm_affine/True tau=6 sig=0.5 w=4 noisy -> FEASIBLE first=6.5258 valid_at=18.3554 valid=True | 14.6 min
  [S4 83/120] n=24 detached mm_affine/True tau=6 sig=0.5 w=4 noisy -> FEASIBLE first=2.1904 valid_at=15.1638 valid=True | 15.1 min
  [S4 84/120] n=24 detached mm_affine/True tau=6 sig=0.5 w=4 noisy -> FEASIBLE first=8.9141 valid_at=None valid=False | 15.6 min
  [S4 85/120] n=24 detached mm_affine/True tau=6 sig=0.5 w=4 noisy -> FEASIBLE first=4.1173 valid_at=8.75 valid=True | 16.1 min
  [S4 86/120] n=24 detached mm_affine/True tau=10 sig=0.5 w=4 noisy -> FEASIBLE first=4.9423 valid_at=10.0606 valid=True | 16.6 min
  [S4 87/120] n=24 detached mm_affine/True tau=10 sig=0.5 w=4 noisy -> FEASIBLE first=7.0197 valid_at=None valid=False | 17.1 min
  [S4 88/120] n=24 detached mm_affine/True tau=10 sig=0.5 w=4 noisy -> FEASIBLE first=2.6741 valid_at=11.8059 valid=True | 17.6 min
  [S4 89/120] n=24 detached mm_affine/True tau=10 sig=0.5 w=4 noisy -> FEASIBLE first=5.9344 valid_at=17.7716 valid=True | 18.1 min
  [S4 90/120] n=24 detached mm_affine/True tau=10 sig=0.5 w=4 noisy -> FEASIBLE first=8.0834 valid_at=21.0554 valid=True | 18.6 min
  [S4 91/120] n=24 corpus_median mm_affine/True tau=0 sig=0.5 w=4 noisy -> FEASIBLE first=3.0187 valid_at=16.5696 valid=True | 19.1 min
  [S4 92/120] n=24 corpus_median mm_affine/True tau=0 sig=0.5 w=4 noisy -> FEASIBLE first=4.2159 valid_at=None valid=False | 19.6 min
  [S4 93/120] n=24 corpus_median mm_affine/True tau=0 sig=0.5 w=4 noisy -> FEASIBLE first=2.0395 valid_at=5.3676 valid=True | 20.1 min
  [S4 94/120] n=24 corpus_median mm_affine/True tau=0 sig=0.5 w=4 noisy -> INFEASIBLE first=None valid_at=None valid=None | 20.2 min
  [S4 95/120] n=24 corpus_median mm_affine/True tau=0 sig=0.5 w=4 noisy -> FEASIBLE first=1.4527 valid_at=12.5019 valid=True | 20.7 min
  [S4 96/120] n=24 corpus_median mm_affine/True tau=1 sig=0.5 w=4 noisy -> FEASIBLE first=3.0471 valid_at=12.1758 valid=True | 21.2 min
  [S4 97/120] n=24 corpus_median mm_affine/True tau=1 sig=0.5 w=4 noisy -> FEASIBLE first=3.669 valid_at=11.483 valid=True | 21.7 min
  [S4 98/120] n=24 corpus_median mm_affine/True tau=1 sig=0.5 w=4 noisy -> FEASIBLE first=2.3907 valid_at=11.3513 valid=True | 22.2 min
  [S4 99/120] n=24 corpus_median mm_affine/True tau=1 sig=0.5 w=4 noisy -> INFEASIBLE first=None valid_at=None valid=None | 22.2 min
  [S4 100/120] n=24 corpus_median mm_affine/True tau=1 sig=0.5 w=4 noisy -> FEASIBLE first=1.4861 valid_at=7.039 valid=True | 22.7 min
  [S4 101/120] n=24 corpus_median mm_affine/True tau=2 sig=0.5 w=4 noisy -> FEASIBLE first=3.4295 valid_at=11.8731 valid=True | 23.2 min
  [S4 102/120] n=24 corpus_median mm_affine/True tau=2 sig=0.5 w=4 noisy -> FEASIBLE first=3.0313 valid_at=7.8476 valid=True | 23.7 min
  [S4 103/120] n=24 corpus_median mm_affine/True tau=2 sig=0.5 w=4 noisy -> FEASIBLE first=3.313 valid_at=8.7922 valid=True | 24.2 min
  [S4 104/120] n=24 corpus_median mm_affine/True tau=2 sig=0.5 w=4 noisy -> INFEASIBLE first=None valid_at=None valid=None | 24.2 min
  [S4 105/120] n=24 corpus_median mm_affine/True tau=2 sig=0.5 w=4 noisy -> FEASIBLE first=1.5342 valid_at=9.9278 valid=True | 24.7 min
  [S4 106/120] n=24 corpus_median mm_affine/True tau=4 sig=0.5 w=4 noisy -> FEASIBLE first=5.6965 valid_at=17.5205 valid=True | 25.2 min
  [S4 107/120] n=24 corpus_median mm_affine/True tau=4 sig=0.5 w=4 noisy -> FEASIBLE first=4.4024 valid_at=27.0927 valid=True | 25.7 min
  [S4 108/120] n=24 corpus_median mm_affine/True tau=4 sig=0.5 w=4 noisy -> FEASIBLE first=3.8094 valid_at=10.4222 valid=True | 26.2 min
  [S4 109/120] n=24 corpus_median mm_affine/True tau=4 sig=0.5 w=4 noisy -> INFEASIBLE first=None valid_at=None valid=None | 26.3 min
  [S4 110/120] n=24 corpus_median mm_affine/True tau=4 sig=0.5 w=4 noisy -> FEASIBLE first=1.6382 valid_at=6.825 valid=True | 26.8 min
  [S4 111/120] n=24 corpus_median mm_affine/True tau=6 sig=0.5 w=4 noisy -> FEASIBLE first=5.1362 valid_at=18.1555 valid=True | 27.3 min
  [S4 112/120] n=24 corpus_median mm_affine/True tau=6 sig=0.5 w=4 noisy -> FEASIBLE first=6.3712 valid_at=13.0993 valid=True | 27.8 min
  [S4 113/120] n=24 corpus_median mm_affine/True tau=6 sig=0.5 w=4 noisy -> FEASIBLE first=14.172 valid_at=22.0411 valid=True | 28.3 min
  [S4 114/120] n=24 corpus_median mm_affine/True tau=6 sig=0.5 w=4 noisy -> FEASIBLE first=5.5671 valid_at=26.6492 valid=True | 28.8 min
  [S4 115/120] n=24 corpus_median mm_affine/True tau=6 sig=0.5 w=4 noisy -> FEASIBLE first=2.2363 valid_at=12.3498 valid=True | 29.3 min
  [S4 116/120] n=24 corpus_median mm_affine/True tau=10 sig=0.5 w=4 noisy -> FEASIBLE first=5.7933 valid_at=13.1947 valid=True | 29.8 min
  [S4 117/120] n=24 corpus_median mm_affine/True tau=10 sig=0.5 w=4 noisy -> FEASIBLE first=5.7392 valid_at=17.6299 valid=True | 30.3 min
  [S4 118/120] n=24 corpus_median mm_affine/True tau=10 sig=0.5 w=4 noisy -> FEASIBLE first=6.5319 valid_at=16.8799 valid=True | 30.8 min
  [S4 119/120] n=24 corpus_median mm_affine/True tau=10 sig=0.5 w=4 noisy -> FEASIBLE first=5.5996 valid_at=None valid=False | 31.3 min
  [S4 120/120] n=24 corpus_median mm_affine/True tau=10 sig=0.5 w=4 noisy -> FEASIBLE first=6.0225 valid_at=20.092 valid=True | 31.8 min
[S4] done in 31.8 min
[S3] 90 rows, 0 done, 90 to run -> C:\Users\tng\g2p\bim-engine\experiments\solver-toy\results\S3.jsonl
  [S3 1/90] n=8 corpus_median mm_affine/True tau=0 sig=0.0 w=4 noisy -> OPTIMAL first=0.1045 valid_at=0.1045 valid=True | 0.0 min
  [S3 2/90] n=8 corpus_median mm_affine/True tau=0 sig=0.0 w=4 noisy -> OPTIMAL first=0.1039 valid_at=0.1039 valid=True | 0.0 min
  [S3 3/90] n=8 corpus_median mm_affine/True tau=0 sig=0.0 w=4 noisy -> OPTIMAL first=0.0723 valid_at=None valid=False | 0.0 min
  [S3 4/90] n=8 corpus_median mm_affine/True tau=0 sig=0.0 w=4 noisy -> OPTIMAL first=0.0695 valid_at=None valid=False | 0.1 min
  [S3 5/90] n=8 corpus_median mm_affine/True tau=0 sig=0.0 w=4 noisy -> OPTIMAL first=0.0736 valid_at=None valid=False | 0.1 min
  [S3 6/90] n=8 corpus_median mm_affine/True tau=0 sig=0.25 w=4 noisy -> OPTIMAL first=0.0909 valid_at=0.1141 valid=True | 0.1 min
  [S3 7/90] n=8 corpus_median mm_affine/True tau=0 sig=0.25 w=4 noisy -> OPTIMAL first=0.1023 valid_at=0.125 valid=True | 0.1 min
  [S3 8/90] n=8 corpus_median mm_affine/True tau=0 sig=0.25 w=4 noisy -> OPTIMAL first=0.0707 valid_at=None valid=False | 0.2 min
  [S3 9/90] n=8 corpus_median mm_affine/True tau=0 sig=0.25 w=4 noisy -> OPTIMAL first=0.07 valid_at=None valid=False | 0.2 min
  [S3 10/90] n=8 corpus_median mm_affine/True tau=0 sig=0.25 w=4 noisy -> OPTIMAL first=0.0732 valid_at=None valid=False | 0.3 min
  [S3 11/90] n=8 corpus_median mm_affine/True tau=0 sig=0.5 w=4 noisy -> OPTIMAL first=0.093 valid_at=0.1674 valid=True | 0.3 min
  [S3 12/90] n=8 corpus_median mm_affine/True tau=0 sig=0.5 w=4 noisy -> OPTIMAL first=0.1052 valid_at=0.1873 valid=True | 0.3 min
  [S3 13/90] n=8 corpus_median mm_affine/True tau=0 sig=0.5 w=4 noisy -> OPTIMAL first=0.0735 valid_at=None valid=False | 0.4 min
  [S3 14/90] n=8 corpus_median mm_affine/True tau=0 sig=0.5 w=4 noisy -> OPTIMAL first=0.0751 valid_at=None valid=False | 0.4 min
  [S3 15/90] n=8 corpus_median mm_affine/True tau=0 sig=0.5 w=4 noisy -> OPTIMAL first=0.0751 valid_at=None valid=False | 0.5 min
  [S3 16/90] n=8 corpus_median mm_affine/True tau=0 sig=1.0 w=4 noisy -> INFEASIBLE first=None valid_at=None valid=None | 0.5 min
  [S3 17/90] n=8 corpus_median mm_affine/True tau=0 sig=1.0 w=4 noisy -> OPTIMAL first=0.0785 valid_at=None valid=False | 0.5 min
  [S3 18/90] n=8 corpus_median mm_affine/True tau=0 sig=1.0 w=4 noisy -> OPTIMAL first=0.084 valid_at=None valid=False | 0.6 min
  [S3 19/90] n=8 corpus_median mm_affine/True tau=0 sig=1.0 w=4 noisy -> INFEASIBLE first=None valid_at=None valid=None | 0.6 min
  [S3 20/90] n=8 corpus_median mm_affine/True tau=0 sig=1.0 w=4 noisy -> INFEASIBLE first=None valid_at=None valid=None | 0.6 min
  [S3 21/90] n=8 corpus_median mm_affine/True tau=0 sig=2.0 w=4 noisy -> INFEASIBLE first=None valid_at=None valid=None | 0.6 min
  [S3 22/90] n=8 corpus_median mm_affine/True tau=0 sig=2.0 w=4 noisy -> OPTIMAL first=0.0942 valid_at=0.1937 valid=True | 0.6 min
  [S3 23/90] n=8 corpus_median mm_affine/True tau=0 sig=2.0 w=4 noisy -> INFEASIBLE first=None valid_at=None valid=None | 0.6 min
  [S3 24/90] n=8 corpus_median mm_affine/True tau=0 sig=2.0 w=4 noisy -> INFEASIBLE first=None valid_at=None valid=None | 0.6 min
  [S3 25/90] n=8 corpus_median mm_affine/True tau=0 sig=2.0 w=4 noisy -> INFEASIBLE first=None valid_at=None valid=None | 0.6 min
  [S3 26/90] n=8 corpus_median mm_affine/True tau=0 sig=4.0 w=4 noisy -> INFEASIBLE first=None valid_at=None valid=None | 0.6 min
  [S3 27/90] n=8 corpus_median mm_affine/True tau=0 sig=4.0 w=4 noisy -> INFEASIBLE first=None valid_at=None valid=None | 0.6 min
  [S3 28/90] n=8 corpus_median mm_affine/True tau=0 sig=4.0 w=4 noisy -> INFEASIBLE first=None valid_at=None valid=None | 0.6 min
  [S3 29/90] n=8 corpus_median mm_affine/True tau=0 sig=4.0 w=4 noisy -> INFEASIBLE first=None valid_at=None valid=None | 0.6 min
  [S3 30/90] n=8 corpus_median mm_affine/True tau=0 sig=4.0 w=4 noisy -> INFEASIBLE first=None valid_at=None valid=None | 0.6 min
  [S3 31/90] n=12 corpus_median mm_affine/True tau=0 sig=0.0 w=4 noisy -> OPTIMAL first=0.2493 valid_at=0.251 valid=True | 0.6 min
  [S3 32/90] n=12 corpus_median mm_affine/True tau=0 sig=0.0 w=4 noisy -> OPTIMAL first=0.3671 valid_at=0.3671 valid=True | 0.6 min
  [S3 33/90] n=12 corpus_median mm_affine/True tau=0 sig=0.0 w=4 noisy -> INFEASIBLE first=None valid_at=None valid=None | 0.6 min
  [S3 34/90] n=12 corpus_median mm_affine/True tau=0 sig=0.0 w=4 noisy -> INFEASIBLE first=None valid_at=None valid=None | 0.6 min
  [S3 35/90] n=12 corpus_median mm_affine/True tau=0 sig=0.0 w=4 noisy -> OPTIMAL first=0.2727 valid_at=0.2727 valid=True | 0.6 min
  [S3 36/90] n=12 corpus_median mm_affine/True tau=0 sig=0.25 w=4 noisy -> OPTIMAL first=0.2539 valid_at=0.944 valid=True | 0.7 min
  [S3 37/90] n=12 corpus_median mm_affine/True tau=0 sig=0.25 w=4 noisy -> OPTIMAL first=0.5917 valid_at=0.8166 valid=True | 1.2 min
  [S3 38/90] n=12 corpus_median mm_affine/True tau=0 sig=0.25 w=4 noisy -> INFEASIBLE first=None valid_at=None valid=None | 1.2 min
  [S3 39/90] n=12 corpus_median mm_affine/True tau=0 sig=0.25 w=4 noisy -> INFEASIBLE first=None valid_at=None valid=None | 1.2 min
  [S3 40/90] n=12 corpus_median mm_affine/True tau=0 sig=0.25 w=4 noisy -> FEASIBLE first=0.2571 valid_at=1.03 valid=True | 1.7 min
  [S3 41/90] n=12 corpus_median mm_affine/True tau=0 sig=0.5 w=4 noisy -> FEASIBLE first=0.2592 valid_at=0.373 valid=True | 2.2 min
  [S3 42/90] n=12 corpus_median mm_affine/True tau=0 sig=0.5 w=4 noisy -> FEASIBLE first=0.401 valid_at=4.9048 valid=True | 2.7 min
  [S3 43/90] n=12 corpus_median mm_affine/True tau=0 sig=0.5 w=4 noisy -> FEASIBLE first=0.3714 valid_at=None valid=False | 3.2 min
  [S3 44/90] n=12 corpus_median mm_affine/True tau=0 sig=0.5 w=4 noisy -> INFEASIBLE first=None valid_at=None valid=None | 3.2 min
  [S3 45/90] n=12 corpus_median mm_affine/True tau=0 sig=0.5 w=4 noisy -> INFEASIBLE first=None valid_at=None valid=None | 3.2 min
  [S3 46/90] n=12 corpus_median mm_affine/True tau=0 sig=1.0 w=4 noisy -> INFEASIBLE first=None valid_at=None valid=None | 3.2 min
  [S3 47/90] n=12 corpus_median mm_affine/True tau=0 sig=1.0 w=4 noisy -> FEASIBLE first=0.3442 valid_at=1.1814 valid=True | 3.7 min
  [S3 48/90] n=12 corpus_median mm_affine/True tau=0 sig=1.0 w=4 noisy -> OPTIMAL first=0.2433 valid_at=None valid=False | 3.7 min
  [S3 49/90] n=12 corpus_median mm_affine/True tau=0 sig=1.0 w=4 noisy -> INFEASIBLE first=None valid_at=None valid=None | 3.7 min
  [S3 50/90] n=12 corpus_median mm_affine/True tau=0 sig=1.0 w=4 noisy -> INFEASIBLE first=None valid_at=None valid=None | 3.7 min
  [S3 51/90] n=12 corpus_median mm_affine/True tau=0 sig=2.0 w=4 noisy -> INFEASIBLE first=None valid_at=None valid=None | 3.7 min
  [S3 52/90] n=12 corpus_median mm_affine/True tau=0 sig=2.0 w=4 noisy -> INFEASIBLE first=None valid_at=None valid=None | 3.7 min
  [S3 53/90] n=12 corpus_median mm_affine/True tau=0 sig=2.0 w=4 noisy -> INFEASIBLE first=None valid_at=None valid=None | 3.7 min
  [S3 54/90] n=12 corpus_median mm_affine/True tau=0 sig=2.0 w=4 noisy -> INFEASIBLE first=None valid_at=None valid=None | 3.7 min
  [S3 55/90] n=12 corpus_median mm_affine/True tau=0 sig=2.0 w=4 noisy -> INFEASIBLE first=None valid_at=None valid=None | 3.7 min
  [S3 56/90] n=12 corpus_median mm_affine/True tau=0 sig=4.0 w=4 noisy -> INFEASIBLE first=None valid_at=None valid=None | 3.7 min
  [S3 57/90] n=12 corpus_median mm_affine/True tau=0 sig=4.0 w=4 noisy -> INFEASIBLE first=None valid_at=None valid=None | 3.7 min
  [S3 58/90] n=12 corpus_median mm_affine/True tau=0 sig=4.0 w=4 noisy -> INFEASIBLE first=None valid_at=None valid=None | 3.8 min
  [S3 59/90] n=12 corpus_median mm_affine/True tau=0 sig=4.0 w=4 noisy -> INFEASIBLE first=None valid_at=None valid=None | 3.8 min
  [S3 60/90] n=12 corpus_median mm_affine/True tau=0 sig=4.0 w=4 noisy -> INFEASIBLE first=None valid_at=None valid=None | 3.8 min
  [S3 61/90] n=24 corpus_median mm_affine/True tau=0 sig=0.0 w=4 noisy -> OPTIMAL first=2.236 valid_at=2.236 valid=True | 3.8 min
  [S3 62/90] n=24 corpus_median mm_affine/True tau=0 sig=0.0 w=4 noisy -> OPTIMAL first=2.8652 valid_at=2.8652 valid=True | 3.9 min
  [S3 63/90] n=24 corpus_median mm_affine/True tau=0 sig=0.0 w=4 noisy -> OPTIMAL first=2.4543 valid_at=3.1071 valid=True | 3.9 min
  [S3 64/90] n=24 corpus_median mm_affine/True tau=0 sig=0.0 w=4 noisy -> OPTIMAL first=3.3609 valid_at=3.3609 valid=True | 4.0 min
  [S3 65/90] n=24 corpus_median mm_affine/True tau=0 sig=0.0 w=4 noisy -> OPTIMAL first=1.357 valid_at=1.357 valid=True | 4.0 min
  [S3 66/90] n=24 corpus_median mm_affine/True tau=0 sig=0.25 w=4 noisy -> FEASIBLE first=2.2941 valid_at=24.441 valid=True | 4.5 min
  [S3 67/90] n=24 corpus_median mm_affine/True tau=0 sig=0.25 w=4 noisy -> FEASIBLE first=3.1362 valid_at=16.1768 valid=True | 5.0 min
  [S3 68/90] n=24 corpus_median mm_affine/True tau=0 sig=0.25 w=4 noisy -> FEASIBLE first=2.5026 valid_at=11.0772 valid=True | 5.5 min
  [S3 69/90] n=24 corpus_median mm_affine/True tau=0 sig=0.25 w=4 noisy -> FEASIBLE first=5.3629 valid_at=24.3738 valid=True | 6.0 min
  [S3 70/90] n=24 corpus_median mm_affine/True tau=0 sig=0.25 w=4 noisy -> FEASIBLE first=1.463 valid_at=9.264 valid=True | 6.5 min
  [S3 71/90] n=24 corpus_median mm_affine/True tau=0 sig=0.5 w=4 noisy -> FEASIBLE first=2.9685 valid_at=14.654 valid=True | 7.0 min
  [S3 72/90] n=24 corpus_median mm_affine/True tau=0 sig=0.5 w=4 noisy -> FEASIBLE first=3.9725 valid_at=9.948 valid=True | 7.5 min
  [S3 73/90] n=24 corpus_median mm_affine/True tau=0 sig=0.5 w=4 noisy -> FEASIBLE first=2.0154 valid_at=11.909 valid=True | 8.1 min
  [S3 74/90] n=24 corpus_median mm_affine/True tau=0 sig=0.5 w=4 noisy -> INFEASIBLE first=None valid_at=None valid=None | 8.1 min
  [S3 75/90] n=24 corpus_median mm_affine/True tau=0 sig=0.5 w=4 noisy -> FEASIBLE first=1.4454 valid_at=10.9388 valid=True | 8.6 min
  [S3 76/90] n=24 corpus_median mm_affine/True tau=0 sig=1.0 w=4 noisy -> INFEASIBLE first=None valid_at=None valid=None | 8.6 min
  [S3 77/90] n=24 corpus_median mm_affine/True tau=0 sig=1.0 w=4 noisy -> INFEASIBLE first=None valid_at=None valid=None | 8.6 min
  [S3 78/90] n=24 corpus_median mm_affine/True tau=0 sig=1.0 w=4 noisy -> INFEASIBLE first=None valid_at=None valid=None | 8.6 min
  [S3 79/90] n=24 corpus_median mm_affine/True tau=0 sig=1.0 w=4 noisy -> INFEASIBLE first=None valid_at=None valid=None | 8.6 min
  [S3 80/90] n=24 corpus_median mm_affine/True tau=0 sig=1.0 w=4 noisy -> INFEASIBLE first=None valid_at=None valid=None | 8.7 min
  [S3 81/90] n=24 corpus_median mm_affine/True tau=0 sig=2.0 w=4 noisy -> INFEASIBLE first=None valid_at=None valid=None | 8.7 min
  [S3 82/90] n=24 corpus_median mm_affine/True tau=0 sig=2.0 w=4 noisy -> INFEASIBLE first=None valid_at=None valid=None | 8.7 min
  [S3 83/90] n=24 corpus_median mm_affine/True tau=0 sig=2.0 w=4 noisy -> INFEASIBLE first=None valid_at=None valid=None | 8.7 min
  [S3 84/90] n=24 corpus_median mm_affine/True tau=0 sig=2.0 w=4 noisy -> INFEASIBLE first=None valid_at=None valid=None | 8.7 min
  [S3 85/90] n=24 corpus_median mm_affine/True tau=0 sig=2.0 w=4 noisy -> INFEASIBLE first=None valid_at=None valid=None | 8.7 min
  [S3 86/90] n=24 corpus_median mm_affine/True tau=0 sig=4.0 w=4 noisy -> INFEASIBLE first=None valid_at=None valid=None | 8.7 min
  [S3 87/90] n=24 corpus_median mm_affine/True tau=0 sig=4.0 w=4 noisy -> INFEASIBLE first=None valid_at=None valid=None | 8.8 min
  [S3 88/90] n=24 corpus_median mm_affine/True tau=0 sig=4.0 w=4 noisy -> INFEASIBLE first=None valid_at=None valid=None | 8.8 min
  [S3 89/90] n=24 corpus_median mm_affine/True tau=0 sig=4.0 w=4 noisy -> INFEASIBLE first=None valid_at=None valid=None | 8.8 min
  [S3 90/90] n=24 corpus_median mm_affine/True tau=0 sig=4.0 w=4 noisy -> INFEASIBLE first=None valid_at=None valid=None | 8.8 min
[S3] done in 8.8 min
[S7] 48 rows, 0 done, 48 to run -> C:\Users\tng\g2p\bim-engine\experiments\solver-toy\results\S7.jsonl
  [S7 1/48] n=8 corpus_median mm_affine/True tau=0 sig=0.5 w=4 noisy -> OPTIMAL first=0.0895 valid_at=0.147 valid=True | 0.0 min
  [S7 2/48] n=8 corpus_median mm_affine/True tau=0 sig=0.5 w=4 noisy -> OPTIMAL first=0.09 valid_at=0.1728 valid=True | 0.0 min
  [S7 3/48] n=8 corpus_median mm_affine/True tau=0 sig=0.5 w=4 noisy -> OPTIMAL first=0.0927 valid_at=0.1746 valid=True | 0.0 min
  [S7 4/48] n=8 corpus_median mm_affine/True tau=0 sig=0.5 w=4 noisy -> OPTIMAL first=0.0901 valid_at=0.1723 valid=True | 0.0 min
  [S7 5/48] n=8 corpus_median mm_affine/True tau=1 sig=0.5 w=4 noisy -> OPTIMAL first=0.0886 valid_at=0.1463 valid=True | 0.0 min
  [S7 6/48] n=8 corpus_median mm_affine/True tau=1 sig=0.5 w=4 noisy -> OPTIMAL first=0.089 valid_at=0.1709 valid=True | 0.0 min
  [S7 7/48] n=8 corpus_median mm_affine/True tau=1 sig=0.5 w=4 noisy -> OPTIMAL first=0.0907 valid_at=0.1627 valid=True | 0.0 min
  [S7 8/48] n=8 corpus_median mm_affine/True tau=1 sig=0.5 w=4 noisy -> OPTIMAL first=0.0898 valid_at=0.1717 valid=True | 0.0 min
  [S7 9/48] n=8 corpus_median mm_affine/True tau=2 sig=0.5 w=4 noisy -> OPTIMAL first=0.0906 valid_at=0.1459 valid=True | 0.0 min
  [S7 10/48] n=8 corpus_median mm_affine/True tau=2 sig=0.5 w=4 noisy -> OPTIMAL first=0.0939 valid_at=0.1756 valid=True | 0.0 min
  [S7 11/48] n=8 corpus_median mm_affine/True tau=2 sig=0.5 w=4 noisy -> OPTIMAL first=0.0891 valid_at=0.1714 valid=True | 0.1 min
  [S7 12/48] n=8 corpus_median mm_affine/True tau=2 sig=0.5 w=4 noisy -> OPTIMAL first=0.0907 valid_at=0.1727 valid=True | 0.1 min
  [S7 13/48] n=8 corpus_median mm_affine/True tau=4 sig=0.5 w=4 noisy -> OPTIMAL first=0.1044 valid_at=0.2231 valid=True | 0.1 min
  [S7 14/48] n=8 corpus_median mm_affine/True tau=4 sig=0.5 w=4 noisy -> OPTIMAL first=0.1042 valid_at=0.1447 valid=True | 0.1 min
  [S7 15/48] n=8 corpus_median mm_affine/True tau=4 sig=0.5 w=4 noisy -> OPTIMAL first=0.1079 valid_at=0.1516 valid=True | 0.1 min
  [S7 16/48] n=8 corpus_median mm_affine/True tau=4 sig=0.5 w=4 noisy -> OPTIMAL first=0.1036 valid_at=0.1922 valid=True | 0.1 min
  [S7 17/48] n=8 corpus_median mm_affine/True tau=6 sig=0.5 w=4 noisy -> OPTIMAL first=0.1335 valid_at=0.2648 valid=True | 0.1 min
  [S7 18/48] n=8 corpus_median mm_affine/True tau=6 sig=0.5 w=4 noisy -> OPTIMAL first=0.1317 valid_at=0.2663 valid=True | 0.1 min
  [S7 19/48] n=8 corpus_median mm_affine/True tau=6 sig=0.5 w=4 noisy -> OPTIMAL first=0.1304 valid_at=0.3013 valid=True | 0.2 min
  [S7 20/48] n=8 corpus_median mm_affine/True tau=6 sig=0.5 w=4 noisy -> OPTIMAL first=0.133 valid_at=0.2338 valid=True | 0.2 min
  [S7 21/48] n=8 corpus_median mm_affine/True tau=10 sig=0.5 w=4 noisy -> OPTIMAL first=0.1371 valid_at=0.3945 valid=True | 0.2 min
  [S7 22/48] n=8 corpus_median mm_affine/True tau=10 sig=0.5 w=4 noisy -> OPTIMAL first=0.135 valid_at=0.9833 valid=True | 0.3 min
  [S7 23/48] n=8 corpus_median mm_affine/True tau=10 sig=0.5 w=4 noisy -> OPTIMAL first=0.1362 valid_at=0.2326 valid=True | 0.3 min
  [S7 24/48] n=8 corpus_median mm_affine/True tau=10 sig=0.5 w=4 noisy -> OPTIMAL first=0.1357 valid_at=0.2889 valid=True | 0.4 min
  [S7 25/48] n=24 corpus_median mm_affine/True tau=0 sig=0.5 w=4 noisy -> FEASIBLE first=2.9648 valid_at=12.7714 valid=True | 0.9 min
  [S7 26/48] n=24 corpus_median mm_affine/True tau=0 sig=0.5 w=4 noisy -> FEASIBLE first=2.512 valid_at=14.2007 valid=True | 1.5 min
  [S7 27/48] n=24 corpus_median mm_affine/True tau=0 sig=0.5 w=4 noisy -> FEASIBLE first=2.8968 valid_at=12.9945 valid=True | 2.0 min
  [S7 28/48] n=24 corpus_median mm_affine/True tau=0 sig=0.5 w=4 noisy -> FEASIBLE first=2.9778 valid_at=15.9927 valid=True | 2.5 min
  [S7 29/48] n=24 corpus_median mm_affine/True tau=1 sig=0.5 w=4 noisy -> FEASIBLE first=3.0288 valid_at=9.8148 valid=True | 3.0 min
  [S7 30/48] n=24 corpus_median mm_affine/True tau=1 sig=0.5 w=4 noisy -> FEASIBLE first=3.1015 valid_at=12.8822 valid=True | 3.5 min
  [S7 31/48] n=24 corpus_median mm_affine/True tau=1 sig=0.5 w=4 noisy -> FEASIBLE first=2.9666 valid_at=9.792 valid=True | 4.0 min
  [S7 32/48] n=24 corpus_median mm_affine/True tau=1 sig=0.5 w=4 noisy -> FEASIBLE first=3.0725 valid_at=17.3897 valid=True | 4.5 min
  [S7 33/48] n=24 corpus_median mm_affine/True tau=2 sig=0.5 w=4 noisy -> FEASIBLE first=3.4339 valid_at=12.258 valid=True | 5.0 min
  [S7 34/48] n=24 corpus_median mm_affine/True tau=2 sig=0.5 w=4 noisy -> FEASIBLE first=3.4394 valid_at=16.6169 valid=True | 5.5 min
  [S7 35/48] n=24 corpus_median mm_affine/True tau=2 sig=0.5 w=4 noisy -> FEASIBLE first=3.4444 valid_at=None valid=False | 6.0 min
  [S7 36/48] n=24 corpus_median mm_affine/True tau=2 sig=0.5 w=4 noisy -> FEASIBLE first=3.7493 valid_at=23.9931 valid=True | 6.5 min
  [S7 37/48] n=24 corpus_median mm_affine/True tau=4 sig=0.5 w=4 noisy -> FEASIBLE first=4.6536 valid_at=12.3008 valid=True | 7.0 min
  [S7 38/48] n=24 corpus_median mm_affine/True tau=4 sig=0.5 w=4 noisy -> FEASIBLE first=4.054 valid_at=18.2739 valid=True | 7.5 min
  [S7 39/48] n=24 corpus_median mm_affine/True tau=4 sig=0.5 w=4 noisy -> FEASIBLE first=5.0018 valid_at=21.4333 valid=True | 8.0 min
  [S7 40/48] n=24 corpus_median mm_affine/True tau=4 sig=0.5 w=4 noisy -> FEASIBLE first=4.4363 valid_at=None valid=False | 8.5 min
  [S7 41/48] n=24 corpus_median mm_affine/True tau=6 sig=0.5 w=4 noisy -> FEASIBLE first=4.8697 valid_at=24.8634 valid=True | 9.0 min
  [S7 42/48] n=24 corpus_median mm_affine/True tau=6 sig=0.5 w=4 noisy -> FEASIBLE first=4.6257 valid_at=14.3683 valid=True | 9.5 min
  [S7 43/48] n=24 corpus_median mm_affine/True tau=6 sig=0.5 w=4 noisy -> FEASIBLE first=5.0756 valid_at=13.6148 valid=True | 10.1 min
  [S7 44/48] n=24 corpus_median mm_affine/True tau=6 sig=0.5 w=4 noisy -> FEASIBLE first=4.9233 valid_at=10.3394 valid=True | 10.6 min
  [S7 45/48] n=24 corpus_median mm_affine/True tau=10 sig=0.5 w=4 noisy -> FEASIBLE first=5.0848 valid_at=19.8597 valid=True | 11.1 min
  [S7 46/48] n=24 corpus_median mm_affine/True tau=10 sig=0.5 w=4 noisy -> FEASIBLE first=4.6803 valid_at=15.2896 valid=True | 11.6 min
  [S7 47/48] n=24 corpus_median mm_affine/True tau=10 sig=0.5 w=4 noisy -> FEASIBLE first=3.4706 valid_at=13.5207 valid=True | 12.1 min
  [S7 48/48] n=24 corpus_median mm_affine/True tau=10 sig=0.5 w=4 noisy -> FEASIBLE first=5.1708 valid_at=15.6854 valid=True | 12.6 min
[S7] done in 12.6 min
